wavelength_nm,intensity_arb_gaussian_fwhm_0.35eV_COSMETIC
164.72,0.0
165.055,0.0
165.389,0.0
165.724,0.0
166.059,0.0
166.393,0.0
166.728,0.0
167.063,0.0
167.397,0.0
167.732,0.0
168.067,0.0
168.401,0.0
168.736,0.0
169.071,0.0
169.405,0.0
169.74,0.0
170.075,0.0
170.409,0.0
170.744,0.0
171.079,0.0
171.413,0.0
171.748,0.0
172.083,0.0
172.417,0.0
172.752,0.0
173.087,0.0
173.421,0.0
173.756,0.0
174.091,0.0
174.425,0.0
174.76,0.0
175.095,0.0
175.429,0.0
175.764,0.0
176.099,0.0
176.433,0.0
176.768,0.0
177.103,0.0
177.437,0.0
177.772,0.0
178.107,0.0
178.441,0.0
178.776,0.0
179.111,0.0
179.445,0.0
179.78,0.0
180.115,0.0
180.449,0.0
180.784,0.0
181.119,0.0
181.453,0.0
181.788,0.0
182.123,0.0
182.457,0.0
182.792,0.0
183.126,0.0
183.461,0.0
183.796,0.0
184.13,0.0
184.465,0.0
184.8,0.0
185.134,0.0
185.469,0.0
185.804,0.0
186.138,0.0
186.473,0.0
186.808,0.0
187.142,0.0
187.477,0.0
187.812,0.0
188.146,0.0
188.481,0.0
188.816,0.0
189.15,0.0
189.485,0.0
189.82,0.0
190.154,0.0
190.489,0.0
190.824,0.0
191.158,0.0
191.493,0.0
191.828,0.0
192.162,0.0
192.497,0.0
192.832,0.0
193.166,0.0
193.501,0.0
193.836,0.0
194.17,0.0
194.505,0.0
194.84,0.0
195.174,0.0
195.509,0.0
195.844,1e-08
196.178,1e-08
196.513,2e-08
196.848,3e-08
197.182,4e-08
197.517,6e-08
197.852,8e-08
198.186,1.2e-07
198.521,1.7e-07
198.856,2.4e-07
199.19,3.5e-07
199.525,4.9e-07
199.86,6.9e-07
200.194,9.7e-07
200.529,1.36e-06
200.864,1.88e-06
201.198,2.6e-06
201.533,3.57e-06
201.868,4.87e-06
202.202,6.61e-06
202.537,8.92e-06
202.872,1.198e-05
203.206,1.601e-05
203.541,2.128e-05
203.876,2.814e-05
204.21,3.702e-05
204.545,4.846e-05
204.88,6.31e-05
205.214,8.177e-05
205.549,0.00010544
205.884,0.00013528
206.218,0.00017274
206.553,0.0002195
206.888,0.00027759
207.222,0.00034939
207.557,0.0004377
207.892,0.00054577
208.226,0.00067738
208.561,0.00083686
208.896,0.0010292
209.23,0.00126003
209.565,0.00153572
209.9,0.00186343
210.234,0.00225112
210.569,0.00270759
210.904,0.00324251
211.238,0.00386642
211.573,0.00459073
211.908,0.00542767
212.242,0.00639029
212.577,0.00749232
212.912,0.00874813
213.246,0.01017262
213.581,0.01178101
213.916,0.01358874
214.25,0.0156112
214.585,0.01786357
214.92,0.02036051
215.254,0.02311594
215.589,0.0261427
215.924,0.02945229
216.258,0.03305453
216.593,0.03695722
216.928,0.04116588
217.262,0.04568343
217.597,0.05050985
217.932,0.055642
218.266,0.06107331
218.601,0.06679366
218.936,0.07278917
219.27,0.07904216
219.605,0.08553107
219.94,0.09223052
220.274,0.09911138
220.609,0.10614094
220.943,0.1132831
221.278,0.12049871
221.613,0.12774592
221.947,0.13498052
222.282,0.14215649
222.617,0.14922649
222.951,0.15614236
223.286,0.16285576
223.621,0.16931874
223.955,0.17548435
224.29,0.18130722
224.625,0.18674416
224.959,0.19175475
225.294,0.19630182
225.629,0.20035196
225.963,0.20387591
226.298,0.20684898
226.633,0.20925131
226.967,0.21106809
227.302,0.21228973
227.637,0.21291192
227.971,0.21293563
228.306,0.21236701
228.641,0.21121727
228.975,0.20950243
229.31,0.20724303
229.645,0.20446381
229.979,0.20119332
230.314,0.19746346
230.649,0.19330905
230.983,0.18876733
231.318,0.18387748
231.653,0.17868009
231.987,0.17321666
232.322,0.16752915
232.657,0.16165949
232.991,0.15564911
233.326,0.14953858
233.661,0.14336718
233.995,0.13717262
234.33,0.13099068
234.665,0.12485503
234.999,0.11879699
235.334,0.11284535
235.669,0.10702633
236.003,0.10136342
236.338,0.09587743
236.673,0.09058644
237.007,0.08550589
237.342,0.08064862
237.677,0.07602502
238.011,0.07164311
238.346,0.06750872
238.681,0.06362564
239.015,0.0599958
239.35,0.05661946
239.685,0.05349539
240.019,0.05062105
240.354,0.04799279
240.689,0.04560605
241.023,0.04345548
241.358,0.04153516
241.693,0.0398387
242.027,0.03835943
242.362,0.03709051
242.697,0.03602501
243.031,0.03515604
243.366,0.03447682
243.701,0.03398075
244.035,0.03366145
244.37,0.03351282
244.705,0.03352901
245.039,0.0337045
245.374,0.03403405
245.709,0.03451271
246.043,0.03513578
246.378,0.03589881
246.713,0.03679752
247.047,0.03782783
247.382,0.03898572
247.717,0.04026727
248.051,0.04166857
248.386,0.04318565
248.721,0.04481448
249.055,0.04655089
249.39,0.04839054
249.725,0.05032884
250.059,0.05236099
250.394,0.05448187
250.729,0.05668606
251.063,0.05896781
251.398,0.061321
251.733,0.06373919
252.067,0.06621555
252.402,0.06874292
252.737,0.0713138
253.071,0.07392035
253.406,0.07655447
253.741,0.07920777
254.075,0.08187164
254.41,0.08453728
254.745,0.08719575
255.079,0.08983801
255.414,0.09245499
255.749,0.09503762
256.083,0.0975769
256.418,0.10006395
256.752,0.10249008
257.087,0.10484683
257.422,0.10712601
257.756,0.10931982
258.091,0.11142081
258.426,0.11342198
258.76,0.11531683
259.095,0.11709937
259.43,0.11876417
259.764,0.12030638
260.099,0.12172176
260.434,0.12300673
260.768,0.12415831
261.103,0.1251742
261.438,0.12605274
261.772,0.12679293
262.107,0.1273944
262.442,0.12785742
262.776,0.12818284
263.111,0.12837212
263.446,0.12842728
263.78,0.12835082
264.115,0.12814578
264.45,0.12781562
264.784,0.12736422
265.119,0.12679581
265.454,0.12611497
265.788,0.12532655
266.123,0.12443561
266.458,0.12344744
266.792,0.12236743
267.127,0.12120112
267.462,0.11995406
267.796,0.11863186
268.131,0.1172401
268.466,0.1157843
268.8,0.11426989
269.135,0.11270222
269.47,0.11108647
269.804,0.10942765
270.139,0.10773062
270.474,0.10600001
270.808,0.10424024
271.143,0.10245552
271.478,0.10064981
271.812,0.09882687
272.147,0.09699017
272.482,0.09514298
272.816,0.09328834
273.151,0.09142904
273.486,0.08956767
273.82,0.08770658
274.155,0.08584796
274.49,0.08399379
274.824,0.08214586
275.159,0.08030581
275.494,0.07847514
275.828,0.0766552
276.163,0.07484722
276.498,0.07305232
276.832,0.07127152
277.167,0.06950577
277.502,0.06775593
277.836,0.06602282
278.171,0.06430718
278.506,0.06260974
278.84,0.06093118
279.175,0.05927215
279.51,0.05763328
279.844,0.05601521
280.179,0.05441855
280.514,0.05284388
280.848,0.05129182
281.183,0.04976294
281.518,0.04825785
281.852,0.04677711
282.187,0.04532132
282.522,0.04389102
282.856,0.04248679
283.191,0.04110916
283.526,0.03975866
283.86,0.0384358
284.195,0.03714106
284.53,0.03587491
284.864,0.03463776
285.199,0.03343001
285.534,0.03225202
285.868,0.03110409
286.203,0.02998651
286.538,0.02889948
286.872,0.02784318
287.207,0.02681774
287.542,0.02582321
287.876,0.02485962
288.211,0.02392692
288.546,0.02302501
288.88,0.02215373
289.215,0.02131287
289.55,0.02050216
289.884,0.01972129
290.219,0.01896987
290.554,0.01824749
290.888,0.01755365
291.223,0.01688785
291.558,0.01624952
291.892,0.01563805
292.227,0.01505279
292.562,0.01449307
292.896,0.01395818
293.231,0.01344738
293.565,0.01295991
293.9,0.01249498
294.235,0.0120518
294.569,0.01162955
294.904,0.01122742
295.239,0.01084458
295.573,0.0104802
295.908,0.01013345
296.243,0.00980351
296.577,0.00948955
296.912,0.00919078
297.247,0.00890641
297.581,0.00863564
297.916,0.00837773
298.251,0.00813194
298.585,0.00789754
298.92,0.00767384
299.255,0.00746017
299.589,0.0072559
299.924,0.0070604
300.259,0.00687309
300.593,0.00669343
300.928,0.00652087
301.263,0.00635494
301.597,0.00619516
301.932,0.00604111
302.267,0.00589238
302.601,0.00574861
302.936,0.00560946
303.271,0.00547461
303.605,0.00534381
303.94,0.00521679
304.275,0.00509333
304.609,0.00497326
304.944,0.0048564
305.279,0.00474262
305.613,0.0046318
305.948,0.00452387
306.283,0.00441877
306.617,0.00431645
306.952,0.00421689
307.287,0.00412011
307.621,0.00402614
307.956,0.003935
308.291,0.00384679
308.625,0.00376156
308.96,0.00367943
309.295,0.00360051
309.629,0.00352494
309.964,0.00345285
310.299,0.00338441
310.633,0.0033198
310.968,0.0032592
311.303,0.00320281
311.637,0.00315084
311.972,0.00310351
312.307,0.00306106
312.641,0.00302374
312.976,0.00299178
313.311,0.00296546
313.645,0.00294505
313.98,0.00293082
314.315,0.00292306
314.649,0.00292207
314.984,0.00292816
315.319,0.00294161
315.653,0.00296277
315.988,0.00299193
316.323,0.00302944
316.657,0.00307561
316.992,0.0031308
317.327,0.00319532
317.661,0.00326954
317.996,0.0033538
318.331,0.00344843
318.665,0.0035538
319.0,0.00367025
319.335,0.00379813
319.669,0.00393779
320.004,0.00408957
320.339,0.00425383
320.673,0.00443091
321.008,0.00462113
321.343,0.00482484
321.677,0.00504236
322.012,0.00527401
322.347,0.00552009
322.681,0.00578091
323.016,0.00605675
323.351,0.00634789
323.685,0.00665459
324.02,0.00697711
324.355,0.00731567
324.689,0.00767049
325.024,0.00804176
325.359,0.00842967
325.693,0.00883436
326.028,0.00925597
326.363,0.00969462
326.697,0.01015038
327.032,0.01062331
327.367,0.01111345
327.701,0.01162079
328.036,0.01214532
328.371,0.01268698
328.705,0.01324567
329.04,0.01382127
329.375,0.01441364
329.709,0.01502259
330.044,0.01564789
330.379,0.01628928
330.713,0.01694649
331.048,0.01761917
331.382,0.01830697
331.717,0.01900948
332.052,0.01972627
332.386,0.02045686
332.721,0.02120076
333.056,0.02195741
333.39,0.02272624
333.725,0.02350663
334.06,0.02429795
334.394,0.0250995
334.729,0.02591059
335.064,0.02673046
335.398,0.02755836
335.733,0.02839347
336.068,0.02923498
336.402,0.03008203
336.737,0.03093376
337.072,0.03178926
337.406,0.03264762
337.741,0.03350792
338.076,0.0343692
338.41,0.03523051
338.745,0.03609088
339.08,0.03694932
339.414,0.03780486
339.749,0.03865651
340.084,0.03950328
340.418,0.04034419
340.753,0.04117825
341.088,0.04200449
341.422,0.04282196
341.757,0.0436297
342.092,0.04442678
342.426,0.0452123
342.761,0.04598535
343.096,0.04674507
343.43,0.04749063
343.765,0.04822121
344.1,0.04893605
344.434,0.0496344
344.769,0.05031556
345.104,0.05097888
345.438,0.05162375
345.773,0.05224959
346.108,0.05285589
346.442,0.05344219
346.777,0.05400807
347.112,0.05455317
347.446,0.0550772
347.781,0.05557993
348.116,0.05606119
348.45,0.05652085
348.785,0.05695888
349.12,0.05737531
349.454,0.05777024
349.789,0.05814382
350.124,0.0584963
350.458,0.058828
350.793,0.0591393
351.128,0.05943066
351.462,0.05970264
351.797,0.05995584
352.132,0.06019097
352.466,0.06040881
352.801,0.06061022
353.136,0.06079612
353.47,0.06096755
353.805,0.0611256
354.14,0.06127144
354.474,0.06140635
354.809,0.06153165
355.144,0.06164877
355.478,0.06175921
355.813,0.06186454
356.148,0.06196643
356.482,0.0620666
356.817,0.06216687
357.152,0.06226912
357.486,0.06237531
357.821,0.06248749
358.156,0.06260774
358.49,0.06273826
358.825,0.06288129
359.16,0.06303914
359.494,0.06321419
359.829,0.06340888
360.164,0.06362573
360.498,0.06386729
360.833,0.0641362
361.168,0.06443513
361.502,0.06476681
361.837,0.06513403
362.172,0.06553963
362.506,0.06598648
362.841,0.0664775
363.176,0.06701566
363.51,0.06760395
363.845,0.06824542
364.18,0.06894312
364.514,0.06970014
364.849,0.07051962
365.184,0.07140467
365.518,0.07235847
365.853,0.07338417
366.188,0.07448496
366.522,0.07566403
366.857,0.07692456
367.192,0.07826974
367.526,0.07970274
367.861,0.08122674
368.195,0.08284489
368.53,0.08456032
368.865,0.08637615
369.199,0.08829547
369.534,0.09032131
369.869,0.0924567
370.203,0.0947046
370.538,0.09706793
370.873,0.09954958
371.207,0.10215234
371.542,0.10487897
371.877,0.10773216
372.211,0.11071451
372.546,0.11382855
372.881,0.11707675
373.215,0.12046145
373.55,0.12398493
373.885,0.12764937
374.219,0.13145682
374.554,0.13540925
374.889,0.13950851
375.223,0.14375633
375.558,0.1481543
375.893,0.15270392
376.227,0.15740652
376.562,0.16226331
376.897,0.16727535
377.231,0.17244358
377.566,0.17776875
377.901,0.18325148
378.235,0.18889223
378.57,0.19469128
378.905,0.20064878
379.239,0.20676466
379.574,0.21303872
379.909,0.21947057
380.243,0.22605963
380.578,0.23280516
380.913,0.23970621
381.247,0.24676166
381.582,0.2539702
381.917,0.26133033
382.251,0.26884036
382.586,0.27649841
382.921,0.28430239
383.255,0.29225004
383.59,0.3003389
383.925,0.3085663
384.259,0.31692939
384.594,0.32542513
384.929,0.33405029
385.263,0.34280143
385.598,0.35167496
385.933,0.36066705
386.267,0.36977373
386.602,0.37899084
386.937,0.38831402
387.271,0.39773876
387.606,0.40726035
387.941,0.41687395
388.275,0.42657452
388.61,0.43635689
388.945,0.4462157
389.279,0.45614548
389.614,0.46614059
389.949,0.47619526
390.283,0.48630358
390.618,0.49645953
390.953,0.50665695
391.287,0.51688959
391.622,0.52715107
391.957,0.53743491
392.291,0.54773457
392.626,0.55804339
392.961,0.56835466
393.295,0.57866157
393.63,0.58895728
393.965,0.59923488
394.299,0.60948743
394.634,0.61970792
394.969,0.62988936
395.303,0.6400247
395.638,0.6501069
395.973,0.66012891
396.307,0.6700837
396.642,0.67996423
396.977,0.68976351
397.311,0.69947457
397.646,0.70909048
397.981,0.71860437
398.315,0.7280094
398.65,0.73729884
398.985,0.746466
399.319,0.75550428
399.654,0.76440719
399.989,0.77316832
400.323,0.78178137
400.658,0.79024016
400.993,0.79853862
401.327,0.80667083
401.662,0.81463098
401.997,0.82241344
402.331,0.83001268
402.666,0.83742337
403.001,0.84464032
403.335,0.85165852
403.67,0.85847311
404.005,0.86507944
404.339,0.87147303
404.674,0.87764957
405.008,0.88360498
405.343,0.88933534
405.678,0.89483697
406.012,0.90010635
406.347,0.90514019
406.682,0.90993543
407.016,0.91448919
407.351,0.91879881
407.686,0.92286187
408.02,0.92667615
408.355,0.93023965
408.69,0.9335506
409.024,0.93660743
409.359,0.93940883
409.694,0.94195367
410.028,0.94424107
410.363,0.94627035
410.698,0.94804107
411.032,0.949553
411.367,0.95080612
411.702,0.95180063
412.036,0.95253695
412.371,0.95301571
412.706,0.95323772
413.04,0.95320404
413.375,0.9529159
413.71,0.95237474
414.044,0.9515822
414.379,0.9505401
414.714,0.94925045
415.048,0.94771544
415.383,0.94593746
415.718,0.94391905
416.052,0.94166292
416.387,0.93917197
416.722,0.93644922
417.056,0.93349788
417.391,0.93032128
417.726,0.92692293
418.06,0.92330643
418.395,0.91947555
418.73,0.91543417
419.064,0.91118629
419.399,0.90673603
419.734,0.90208762
420.068,0.89724539
420.403,0.89221377
420.738,0.88699726
421.072,0.88160048
421.407,0.8760281
421.742,0.87028487
422.076,0.86437562
422.411,0.85830522
422.746,0.8520786
423.08,0.84570076
423.415,0.83917671
423.75,0.83251152
424.084,0.82571027
424.419,0.81877809
424.754,0.81172012
425.088,0.80454151
425.423,0.79724742
425.758,0.78984302
426.092,0.78233347
426.427,0.77472392
426.762,0.76701953
427.096,0.75922542
427.431,0.75134669
427.766,0.74338844
428.1,0.73535571
428.435,0.72725352
428.77,0.71908684
429.104,0.71086062
429.439,0.70257973
429.774,0.69424902
430.108,0.68587326
430.443,0.67745719
430.778,0.66900546
431.112,0.66052268
431.447,0.65201337
431.782,0.64348201
432.116,0.63493297
432.451,0.62637058
432.786,0.61779907
433.12,0.60922259
433.455,0.60064522
433.79,0.59207095
434.124,0.58350368
434.459,0.57494723
434.794,0.56640533
435.128,0.55788161
435.463,0.54937962
435.798,0.54090281
436.132,0.53245454
436.467,0.52403808
436.802,0.51565659
437.136,0.50731314
437.471,0.49901072
437.806,0.49075221
438.14,0.48254039
438.475,0.47437794
438.81,0.46626746
439.144,0.45821145
439.479,0.4502123
439.814,0.44227231
440.148,0.43439369
440.483,0.42657856
440.817,0.41882893
441.152,0.41114672
441.487,0.40353378
441.821,0.39599183
442.156,0.38852252
442.491,0.38112743
442.825,0.37380801
443.16,0.36656566
443.495,0.35940166
443.829,0.35231723
444.164,0.3453135
444.499,0.33839152
444.833,0.33155225
445.168,0.32479658
445.503,0.31812531
445.837,0.31153918
446.172,0.30503885
446.507,0.29862491
446.841,0.29229786
447.176,0.28605814
447.511,0.27990615
447.845,0.27384218
448.18,0.26786649
448.515,0.26197925
448.849,0.25618059
449.184,0.25047057
449.519,0.2448492
449.853,0.23931643
450.188,0.23387215
450.523,0.22851621
450.857,0.2232484
451.192,0.21806846
451.527,0.2129761
451.861,0.20797097
452.196,0.20305268
452.531,0.1982208
452.865,0.19347486
453.2,0.18881434
453.535,0.1842387
453.869,0.17974736
454.204,0.17533971
454.539,0.1710151
454.873,0.16677285
455.208,0.16261226
455.543,0.1585326
455.877,0.1545331
456.212,0.150613
456.547,0.14677148
456.881,0.14300771
457.216,0.13932086
457.551,0.13571006
457.885,0.13217443
458.22,0.12871306
458.555,0.12532506
458.889,0.1220095
459.224,0.11876543
459.559,0.11559191
459.893,0.11248798
460.228,0.10945268
460.563,0.10648503
460.897,0.10358404
461.232,0.10074874
461.567,0.09797813
461.901,0.09527121
462.236,0.09262699
462.571,0.09004447
462.905,0.08752263
463.24,0.08506049
463.575,0.08265704
463.909,0.08031128
464.244,0.07802221
464.579,0.07578883
464.913,0.07361015
465.248,0.07148519
465.583,0.06941295
465.917,0.06739246
466.252,0.06542275
466.587,0.06350284
466.921,0.06163178
467.256,0.05980861
467.591,0.05803239
467.925,0.05630217
468.26,0.05461703
468.595,0.05297604
468.929,0.0513783
469.264,0.04982289
469.599,0.04830893
469.933,0.04683553
470.268,0.04540182
470.603,0.04400694
470.937,0.04265003
471.272,0.04133026
471.607,0.04004678
471.941,0.03879879
472.276,0.03758548
472.611,0.03640605
472.945,0.03525972
473.28,0.03414571
473.615,0.03306327
473.949,0.03201164
474.284,0.03099009
474.619,0.0299979
474.953,0.02903434
475.288,0.02809873
475.623,0.02719037
475.957,0.02630859
476.292,0.02545272
476.627,0.02462211
476.961,0.02381612
477.296,0.02303413
477.63,0.0222755
477.965,0.02153966
478.3,0.02082599
478.634,0.02013391
478.969,0.01946287
479.304,0.0188123
479.638,0.01818166
479.973,0.0175704
480.308,0.01697802
480.642,0.01640398
480.977,0.01584781
481.312,0.01530899
481.646,0.01478706
481.981,0.01428155
482.316,0.01379199
482.65,0.01331795
482.985,0.01285897
483.32,0.01241464
483.654,0.01198453
483.989,0.01156824
484.324,0.01116537
484.658,0.01077554
484.993,0.01039836
485.328,0.01003346
485.662,0.00968048
485.997,0.00933908
486.332,0.0090089
486.666,0.00868962
487.001,0.0083809
487.336,0.00808244
487.67,0.00779391
488.005,0.00751503
488.34,0.00724549
488.674,0.00698501
489.009,0.00673331
489.344,0.00649013
489.678,0.00625519
490.013,0.00602824
490.348,0.00580904
490.682,0.00559734
491.017,0.0053929
491.352,0.00519549
491.686,0.00500489
492.021,0.00482089
492.356,0.00464328
492.69,0.00447184
493.025,0.00430639
493.36,0.00414672
493.694,0.00399265
494.029,0.003844
494.364,0.00370058
494.698,0.00356224
495.033,0.0034288
495.368,0.0033001
495.702,0.00317599
496.037,0.00305631
496.372,0.00294091
496.706,0.00282965
497.041,0.00272239
497.376,0.00261901
497.71,0.00251935
498.045,0.00242331
498.38,0.00233076
498.714,0.00224158
499.049,0.00215565
499.384,0.00207286
499.718,0.0019931
500.053,0.00191628
500.388,0.00184229
500.722,0.00177102
501.057,0.00170239
501.392,0.00163631
501.726,0.00157268
502.061,0.00151141
502.396,0.00145244
502.73,0.00139566
503.065,0.00134102
503.4,0.00128842
503.734,0.00123781
504.069,0.0011891
504.404,0.00114223
504.738,0.00109714
505.073,0.00105375
505.408,0.00101202
505.742,0.00097187
506.077,0.00093326
506.412,0.00089612
506.746,0.0008604
507.081,0.00082605
507.416,0.00079303
507.75,0.00076127
508.085,0.00073074
508.42,0.00070139
508.754,0.00067318
509.089,0.00064606
509.424,0.00062
509.758,0.00059495
510.093,0.00057088
510.428,0.00054775
510.762,0.00052552
511.097,0.00050416
511.432,0.00048365
511.766,0.00046394
512.101,0.00044501
512.436,0.00042682
512.77,0.00040936
513.105,0.00039259
513.44,0.00037648
513.774,0.00036101
514.109,0.00034616
514.443,0.0003319
514.778,0.00031821
515.113,0.00030507
515.447,0.00029245
515.782,0.00028034
516.117,0.00026872
516.451,0.00025756
516.786,0.00024685
517.121,0.00023658
517.455,0.00022672
517.79,0.00021726
518.125,0.00020819
518.459,0.00019948
518.794,0.00019113
519.129,0.00018311
519.463,0.00017543
519.798,0.00016806
520.133,0.00016099
520.467,0.0001542
520.802,0.0001477
521.137,0.00014147
521.471,0.00013549
521.806,0.00012975
522.141,0.00012426
522.475,0.00011899
522.81,0.00011393
523.145,0.00010909
523.479,0.00010445
523.814,0.0001
524.149,9.574e-05
524.483,9.165e-05
524.818,8.773e-05
525.153,8.398e-05
525.487,8.038e-05
525.822,7.694e-05
526.157,7.364e-05
526.491,7.047e-05
526.826,6.744e-05
527.161,6.454e-05
527.495,6.176e-05
527.83,5.91e-05
528.165,5.655e-05
528.499,5.41e-05
528.834,5.176e-05
529.169,4.952e-05
529.503,4.737e-05
529.838,4.532e-05
530.173,4.335e-05
530.507,4.147e-05
530.842,3.966e-05
531.177,3.794e-05
531.511,3.628e-05
531.846,3.47e-05
532.181,3.319e-05
532.515,3.174e-05
532.85,3.035e-05
