table,id,name,pg,scs_cc2_dEST_meV,scs_cc2_ES1_eV,scs_cc2_ET1_eV,adc2_dEST_meV,adc2_ES1_eV,adc2_ET1_eV,si_line
Supp. Table 1,1,ben-BN,D3h,-295,6.83,7.13,-193,6.76,6.96,127
Supp. Table 1,2a,naph-BN,C2v,-95,6.64,6.73,34,6.52,6.48,128
Supp. Table 1,2b,anth-BN,C2v,-21,6.63,6.65,106,6.48,6.38,129
Supp. Table 1,2c,phenan-BN,Cs,-127,6.57,6.7,-21,6.42,6.44,130
Supp. Table 1,2d,tetra-BN,C2v,-51,6.62,6.67,30,6.42,6.39,131
Supp. Table 1,2e,cryc-BN,Cs,-59,6.56,6.62,47,6.4,6.35,134
Supp. Table 1,2f,pyr-BN,C2v,-221,6.54,6.76,-115,6.39,6.5,135
Supp. Table 1,2g,phenal-NB,D3h,-260,6.59,6.85,-130,6.46,6.59,136
Supp. Table 1,2h,phenal-BN,D3h,-128,6.54,6.67,-34,6.39,6.43,137
Supp. Table 1,2i,olymp-NB,C2v,-243,6.54,6.78,-124,6.39,6.51,138
Supp. Table 1,2j,olymp-BN,C2v,-97,6.53,6.63,-49,6.37,6.42,139
Supp. Table 1,2k,bis-BN,C2v,-57,6.54,6.59,51,6.34,6.29,140
Supp. Table 1,3,"(6,",S6,-141,6.26,6.4,-54,6.02,6.08,141
Supp. Table 1,4e,[6]CPP-BN,S6,-145,6.26,6.4,-70,6.04,6.11,142
Supp. Table 1,5,[6]CMP-BN,C3v,-186,6.45,6.64,-75,6.28,6.35,143
Supp. Table 1,6e,[6]PP-BN,C2,-77,6.58,6.66,35,6.42,6.38,144
Supp. Table 1,7f,[6]MP-BN,C1,-214,6.49,6.7,-78,6.35,6.43,145
Supp. Table 1,8a,B12N12-fullerene,Th,-134,6.47,6.6,-71,6.16,6.23,146
Supp. Table 1,9,ben-BS,D3h,-109,5.02,5.13,26,4.93,4.91,147
Supp. Table 1,10,ben-BSe,D3h,-160,4.42,4.58,-47,4.3,4.34,148
Supp. Table 1,11,ben-BO,D3h,326,8.11,7.79,279,7.78,7.5,149
Supp. Table 1,12,ben-GaN,D3h,-230,5.52,5.75,-160,5.37,5.53,150
Supp. Table 1,13,prism-GaN,Cs,507,4.11,3.61,518,3.95,3.43,151
Supp. Table 2,4d,[5]CPP-BN,C5h,-133,6.18,6.32,-61,5.96,6.02,170
Supp. Table 2,4e,[6]CPP-BN,S6,-145,6.26,6.4,-70,6.04,6.11,171
Supp. Table 2,4f,[7]CPP-BN,C7h,-148,6.31,6.45,-73,6.1,6.17,172
Supp. Table 2,4g,[8]CPP-BN,C8h,-148,6.34,6.49,-72,6.13,6.2,173
Supp. Table 2,4h,[9]CPP-BN,C9h,-147,6.37,6.51,-71,6.16,6.23,174
Supp. Table 2,4i,[10]CPP-BN,C10h,-146,6.39,6.53,-70,6.18,6.25,175
Supp. Table 2,4j,[11]CPP-BN,CS,-145,6.4,6.55,-70,6.19,6.26,176
Supp. Table 2,4k,[12]CPP-BN,S12,-144,6.41,6.56,-69,6.21,6.28,177
Supp. Table 2,6a,[2]PP-BN,C2,-156,6.65,6.81,-23,6.54,6.56,179
Supp. Table 2,6b,[3]PP-BN,C2,-109,6.61,6.72,12,6.47,6.46,180
Supp. Table 2,6c,[4]PP-BN,C2,-94,6.6,6.69,21,6.44,6.42,181
Supp. Table 2,6d,[5]PP-BN,C2,-84,6.59,6.67,28,6.43,6.4,182
Supp. Table 2,6e,[6]PP-BN,C2,-77,6.58,6.66,35,6.42,6.38,183
Supp. Table 2,6f,[7]PP-BN,C2,-71,6.58,6.65,39,6.41,6.37,184
Supp. Table 2,6g,[8]PP-BN,C2,-67,6.58,6.64,21,6.39,6.37,185
Supp. Table 2,6h,[9]PP-BN,C2,-64,6.58,6.64,8,6.37,6.36,186
Supp. Table 2,6i,[10]PP-BN,C2,-63,6.57,6.64,-3,6.37,6.36,187
Supp. Table 2,6j,[11]PP-BN,C2,-73,6.56,6.63,-11,6.35,6.36,188
Supp. Table 2,6k,[12]PP-BN,C2,-81,6.56,6.63,-17,6.34,6.36,189
Supp. Table 2,7a,[3]MP-BN,C2,-127,6.64,6.77,6,6.52,6.51,191
Supp. Table 2,7b,[3]MP-NB,C2,-217,6.5,6.72,-101,6.35,6.45,192
Supp. Table 2,7c,[4]MP-BN,C1,-222,6.5,6.72,-100,6.35,6.45,193
Supp. Table 2,7d,[5]MP-BN,C2,-227,6.49,6.72,-110,6.34,6.45,194
Supp. Table 2,7e,[5]MP-NB,C2,-210,6.49,6.7,-87,6.34,6.43,195
Supp. Table 2,7f,[6]MP-BN,C1,-214,6.49,6.7,-79,6.35,6.43,196
Supp. Table 2,8a,B12N12-fullerene,Th,-134,6.47,6.6,-71,6.16,6.23,198
Supp. Table 2,8b,B24N24-fullerene,O,27,5.87,5.84,32,5.35,5.31,199
Supp. Table 2,8c,B36N36-fullerene,Td,28,6.11,6.08,27,5.57,5.55,200
Supp. Table 3,9,ben-BS,D3h,-109,5.02,5.13,26,4.93,4.91,218
Supp. Table 3,10,ben-BSe,D3h,-160,4.42,4.58,-47,4.3,4.34,219
Supp. Table 3,11,ben-BO,D3h,326,8.11,7.79,279,7.78,7.5,220
Supp. Table 3,12,ben-GaN,D3h,-230,5.52,5.75,-160,5.37,5.53,222
Supp. Table 3,13,prism-GaN,Cs,507,4.11,3.61,518,3.95,3.43,223
Supp. Table 3,14,ben-B4N2,D2h,613,4.23,3.62,636,4.05,3.41,225
Supp. Table 3,15,ben-BP,C3v,110,3.72,3.61,227,3.7,3.47,226
Supp. Table 3,16,ben-NP,D3h,174,6.84,6.67,208,6.59,6.38,227
Supp. Table 3,17,ring-Ga3P3,C3v,610,4.38,3.77,603,4.25,3.65,228
Supp. Table 3,18,ben-AlN,D3h,194,6.12,5.93,251,6.01,5.76,229
Supp. Table 3,19,ring-Al3P3,Cs,493,4.69,4.19,508,4.61,4.1,230
Supp. Table 3,20,ring-Al3As3,Cs,452,4.42,3.96,462,4.31,3.85,231
Supp. Table 3,21,ring-(Si(N2CH3))3P3,Cs,102,4.01,3.9,139,3.76,3.62,232
Supp. Table 3,22,ring-(Si(N2CH3))3As3,Cs,127,4.0,3.87,132,3.61,3.48,233
Supp. Table 3,23,ring-Ge3N3,D3h,1081,3.92,2.84,1128,3.81,2.69,234
