r_bohr,r_angstrom,total_hartree,nuclear_repulsion_hartree,electronic_hartree,one_electron_hartree,two_electron_hartree,scf_iterations,n_ao,n_mo,minimum_overlap_eigenvalue,point_group,scf_seconds
0.15,0.0793765816005,4.71108642653644,6.666666666666667,-1.9555802401302271,-1.955580240130227,0.0,2,160,160,4.359263763952583e-09,d2h,0.3259450419991481
0.15184608736951133,0.08035348896535112,4.630966659465905,6.585615851704758,-1.9546491922388531,-1.9546491922388536,2.220446049250313e-16,2,160,160,4.461979115643772e-09,d2h,0.29370804199970735
0.15371489499619517,0.0813424193725185,4.551849947355029,6.505550421933751,-1.9537004745787225,-1.9537004745787223,0.0,2,160,160,4.566986905276218e-09,d2h,0.29691224999987753
0.15560670250391676,0.08234352079257917,4.473724584077675,6.426458397412726,-1.9527338133350511,-1.9527338133350511,3.3306690738754696e-16,2,160,160,4.674333519162843e-09,d2h,0.29727816699960385
0.15752179295794203,0.083356943017221,4.396579011457986,6.348327943848366,-1.9517489323903803,-1.9517489323903807,0.0,2,160,160,4.784065486157292e-09,d2h,0.2944437919995835
0.15946045290729166,0.0843828376816555,4.320401817435669,6.271147370824213,-1.9507455533885443,-1.9507455533885445,0.0,2,160,160,4.8962280342633996e-09,d2h,0.32793445800052723
0.16142297242761638,0.08542135828730636,4.245181734249536,6.194905130051483,-1.9497233958019464,-1.9497233958019469,-1.1102230246251565e-16,2,160,160,5.0108688104112076e-09,d2h,0.2978086250004708
0.16340964516460038,0.08647266022477769,4.170907636637281,6.119589813641129,-1.9486821770038478,-1.9486821770038476,1.1102230246251565e-16,2,160,160,5.128035756005469e-09,d2h,0.3214537500007282
0.16542076837789843,0.08753690079710444,4.097568540053415,6.0451901523969,-1.947621612343485,-1.9476216123434853,0.0,2,160,160,5.2477766040586676e-09,d2h,0.2944297080011893
0.16745664298561375,0.08861423924328911,4.025153598903962,5.97169501412918,-1.9465414152252176,-1.946541415225218,-1.1102230246251565e-16,2,160,160,5.370142047498562e-09,d2h,0.2950015410006017
0.16951757360932387,0.08970483676212841,3.9536521047987705,5.899093401989316,-1.9454412971905457,-1.9454412971905461,-1.1102230246251565e-16,2,160,160,5.495178381002215e-09,d2h,0.3240652920012508
0.17160386861965973,0.09080885653633268,3.883053484821594,5.827374452824167,-1.9443209680025735,-1.944320968002574,2.220446049250313e-16,2,160,160,5.622938670759464e-09,d2h,0.29689766600131406
0.17371584018244665,0.09192646375694262,3.8133472998180222,5.756527435550732,-1.9431801357327094,-1.9431801357327096,-1.1102230246251565e-16,2,160,160,5.753471672511118e-09,d2h,0.2881254580006498
0.17585380430541248,0.09305782564804621,3.744523242700988,5.686541749550439,-1.9420185068494509,-1.9420185068494513,4.440892098500626e-16,2,160,160,5.8868293157658435e-09,d2h,0.2980105829992681
0.17801808088547075,0.09420311149179986,3.6765711367748404,5.617406923083038,-1.940835786308198,-1.9408357863081984,2.220446049250313e-16,2,160,160,6.023063360475061e-09,d2h,0.29081625000071654
0.1802089937565862,0.09536249265375774,3.609480934077512,5.5491126117197584,-1.9396316776422466,-1.939631677642247,0.0,2,160,160,6.162226473130395e-09,d2h,0.29648487499980547
0.18242687073822877,0.09653614260851255,3.5432427137411096,5.481648596795467,-1.9384058830543576,-1.938405883054358,2.220446049250313e-16,2,160,160,6.304370385522357e-09,d2h,0.29746766700009175
0.18467204368442428,0.09772423696565202,3.477846680371486,5.41500478387971,-1.9371581035082244,-1.9371581035082244,0.0,2,160,160,6.449549659639495e-09,d2h,0.29487350000090373
0.18694484853340873,0.09892695349603488,3.4132831624457323,5.349171201266294,-1.9358880388205622,-1.9358880388205617,-1.1102230246251565e-16,2,160,160,6.597817493048835e-09,d2h,0.29639750000023923
0.18924562535789363,0.10014447215838998,3.3495426107292783,5.28413799848129,-1.9345953877520117,-1.9345953877520115,-1.1102230246251565e-16,2,160,160,6.74923007826591e-09,d2h,0.2937257089997729
0.1915747184159502,0.1013769751262432,3.2866155967111172,5.219895444809077,-1.9332798480979596,-1.9332798480979596,0.0,2,160,160,6.903839722460752e-09,d2h,0.29793462499947054
0.1939324762025194,0.10262464681517537,3.224492811057476,5.156433927836419,-1.931941116778943,-1.931941116778943,1.1102230246251565e-16,2,160,160,7.061704065488843e-09,d2h,0.3034586659996421
0.1963192515015563,0.10388767391041577,3.1631650620850533,5.093743952014167,-1.9305788899291136,-1.930578889929114,1.1102230246251565e-16,2,160,160,7.222878113613026e-09,d2h,0.299282875001154
0.1987354014388159,0.1051662453947753,3.102623274251185,5.031816137236457,-1.9291928629852721,-1.9291928629852717,-2.220446049250313e-16,2,160,160,7.387418139994579e-09,d2h,0.29185654199864075
0.20118128753528905,0.1064605525769235,3.0428584866632455,4.9706412174372385,-1.927782730773993,-1.9277827307739925,0.0,2,160,160,7.55538189692271e-09,d2h,0.2893044159991405
0.20365727576129525,0.10777078912001323,2.983861851604788,4.91021003920376,-1.9263481875989723,-1.9263481875989723,-1.1102230246251565e-16,2,160,160,7.726826196480435e-09,d2h,0.2980076249987178
0.20616373659124201,0.10909715107065807,2.9256246330799582,4.850513560407021,-1.9248889273270624,-1.9248889273270628,0.0,2,160,160,7.901808625200594e-09,d2h,0.2971655000001192
0.20870104505905776,0.11043983688826617,2.868138205374402,4.791542848848802,-1.9234046434743997,-1.9234046434743992,-2.220446049250313e-16,2,160,160,8.080388474526311e-09,d2h,0.2950424580012623
0.21126958081430672,0.11179904747473497,2.8113940516323725,4.733289080925188,-1.9218950292928159,-1.9218950292928159,1.1102230246251565e-16,2,160,160,8.262625496282024e-09,d2h,0.2987303340014478
0.21386972817899502,0.11317498620451169,2.755383762450008,4.6757435403063,-1.9203597778562917,-1.920359777856292,-1.1102230246251565e-16,2,160,160,8.448576503324456e-09,d2h,0.29420274999938556
0.21650187620507552,0.11456785895502351,2.7000990344842766,4.618897616632092,-1.918798582147815,-1.9187985821478162,5.551115123125783e-16,2,160,160,8.638302854910183e-09,d2h,0.2948127089985064
0.21916641873266018,0.11597787413748235,2.6455316690759414,4.5627428042240465,-1.9172111351481051,-1.917211135148106,4.440892098500626e-16,2,160,160,8.831865624318845e-09,d2h,0.2960934589991666
0.2218637544489495,0.1174052427280689,2.5916735708872505,4.507270700812456,-1.9155971299252057,-1.915597129925206,1.1102230246251565e-16,2,160,160,9.029324708247151e-09,d2h,0.30004462500073714
0.2245942869478867,0.11885017829950027,2.5385167465530305,4.452473006279246,-1.9139562597262154,-1.9139562597262154,0.0,2,160,160,9.230742222981627e-09,d2h,0.3018581249998533
0.22735842479054602,0.12031289705298612,2.4860533033445726,4.398341521416021,-1.9122882180714482,-1.9122882180714484,0.0,2,160,160,9.436180739378855e-09,d2h,0.2983299170009559
0.23015658156626484,0.12179361785057836,2.434275447845958,4.344868146697288,-1.91059269885133,-1.91059269885133,-1.1102230246251565e-16,2,160,160,9.645699761489734e-09,d2h,0.30059199999959674
0.23298917595452748,0.1232925622479187,2.3831754846424125,4.292044881068513,-1.9088693964261005,-1.9088693964261005,0.0,2,160,160,9.859364359868545e-09,d2h,0.2969708750006248
0.23585663178761088,0.12480995452738917,2.3327458150196283,4.23986382074896,-1.9071180057293318,-1.9071180057293324,4.440892098500626e-16,2,160,160,1.007724112977181e-08,d2h,0.3001205420005135
0.23875937811400158,0.1263460217316712,2.2829789356740977,4.188317158049077,-1.9053382223749789,-1.9053382223749789,0.0,2,160,160,1.0299390256167956e-08,d2h,0.2986120830009895
0.24169784926259252,0.12790099369771682,2.2338674374336724,4.137397180202255,-1.9035297427685824,-1.9035297427685824,2.220446049250313e-16,2,160,160,1.052588050492719e-08,d2h,0.2983871670003282
0.24467248490767077,0.12947510309113888,2.185404003988288,4.08709626821078,-1.9016922642224916,-1.901692264222492,3.3306690738754696e-16,2,160,160,1.0756776321394722e-08,d2h,0.30348141600006784
0.24768373013470413,0.13106858544102376,2.137581410630011,4.037406895705844,-1.8998254850758336,-1.8998254850758338,0.0,2,160,160,1.0992147136505003e-08,d2h,0.2986068329992122
0.25073203550693834,0.13268167917517304,2.0903925230032376,3.9883216278213776,-1.89792910481814,-1.8979291048181401,1.1102230246251565e-16,2,160,160,1.1232058125319752e-08,d2h,0.29745333299979393
0.2538178571328133,0.1343146256557787,2.0438302958632972,3.939833120081611,-1.8960028242183138,-1.8960028242183133,-2.220446049250313e-16,2,160,160,1.1476582035736325e-08,d2h,0.3503934579985071
0.25694165673420877,0.1359676692155372,1.9978877718444066,3.8919341173021302,-1.8940463454577237,-1.8940463454577237,0.0,2,160,160,1.1725787145426064e-08,d2h,0.3037795839991304
0.260103901715531,0.13764105719420852,1.952558080237104,3.8446174525043237,-1.8920593722672197,-1.8920593722672194,0.0,2,160,160,1.1979747702834805e-08,d2h,0.33352958300019964
0.2633050652336488,0.13933503997562469,1.9078344357738202,3.797876045842987,-1.890041610069167,-1.8900416100691673,1.1102230246251565e-16,2,160,160,1.223853725957218e-08,d2h,0.2977699590010161
0.26654562626869016,0.14104987102515373,1.863710137424258,3.751702903547005,-1.8879927661227471,-1.8879927661227471,-1.1102230246251565e-16,2,160,160,1.2502229370461558e-08,d2h,0.2980894590000389
0.26982606969571094,0.14278580692762533,1.820178567199235,3.70609111687289,-1.8859125496736548,-1.885912549673655,-1.1102230246251565e-16,2,160,160,1.2770904428767039e-08,d2h,0.2883955830002378
0.27314688635724527,0.14454310742572252,1.7772331889640887,3.661033861071047,-1.8838006721069585,-1.8838006721069585,1.1102230246251565e-16,2,160,160,1.3044640076619275e-08,d2h,0.2982027089983603
0.27650857313674837,0.1463220354588462,1.7348675472614405,3.616524394364604,-1.8816568471031636,-1.8816568471031634,-1.1102230246251565e-16,2,160,160,1.3323521730771652e-08,d2h,0.2998907080000208
0.27991163303294403,0.14812285720245796,1.6930752661432766,3.5725560569406762,-1.8794807907973996,-1.8794807907973996,0.0,2,160,160,1.3607632307780423e-08,d2h,0.31728770800145867
0.28335657523508684,0.14994584210790726,1.6518500480131038,3.529122269953856,-1.877272221940752,-1.8772722219407518,0.0,2,160,160,1.3897060383429138e-08,d2h,0.29629675000069255
0.2868439151991501,0.15179126294274828,1.6111856724776268,3.4862165345418608,-1.875030862064234,-1.875030862064234,-1.1102230246251565e-16,2,160,160,1.4191899091327076e-08,d2h,0.31314029100030893
0.2903741747249523,0.15365939583155347,1.5710759952091102,3.443832430853115,-1.8727564356440047,-1.8727564356440043,-1.1102230246251565e-16,2,160,160,1.4492242798658412e-08,d2h,0.2950116669999261
0.2939478820342325,0.15555052029722935,1.531514946817724,3.401963617086183,-1.8704486702684588,-1.8704486702684586,-2.220446049250313e-16,2,160,160,1.4798195038193373e-08,d2h,0.3001315829988016
0.29756557184968585,0.15746491930284023,1.4924965317349597,3.3606038285408446,-1.868107296805885,-1.8681072968058847,1.1102230246251565e-16,2,160,160,1.5109856098985923e-08,d2h,0.2989382919986383
0.30122778547497336,0.15940287929394756,1.4540148271075077,3.3197468766807434,-1.8657320495732357,-1.8657320495732357,1.1102230246251565e-16,2,160,160,1.5427341263039976e-08,d2h,0.3140321659993788
0.30493507087571486,0.16136469024146954,1.4160639817022354,3.279386648207412,-1.8633226665051765,-1.8633226665051765,0.0,2,160,160,1.575076395970987e-08,d2h,0.3023739159998513
0.3086879827614796,0.1633506456850688,1.378638214822593,3.23951710414555,-1.860878889322957,-1.8608788893229569,-1.1102230246251565e-16,2,160,160,1.6080249126445984e-08,d2h,0.3014558329996362
0.3124870826687856,0.16536104277707367,1.341731815235936,3.200132278939446,-1.85840046370351,-1.85840046370351,-1.1102230246251565e-16,2,160,160,1.641592769495536e-08,d2h,0.30596595799943316
0.31633293904512094,0.16739618232694023,1.3053391401123822,3.1612262795603536,-1.8558871394479715,-1.8558871394479715,0.0,2,160,160,1.675793716524588e-08,d2h,0.30029745799947705
0.3202261273339983,0.16945636884626147,1.269454613975223,3.122793284624749,-1.8533386706495258,-1.853338670649526,2.220446049250313e-16,2,160,160,1.710642774409514e-08,d2h,0.2926210000005085
0.32416723006105713,0.17154191059433038,1.2340727276626082,3.0848275435232893,-1.850754815860681,-1.850754815860681,1.1102230246251565e-16,2,160,160,1.7461556319950376e-08,d2h,0.2986392499988142
0.32815683692122516,0.173653119624264,1.1991880373000425,3.0473233755603646,-1.848135338260322,-1.8481353382603223,1.1102230246251565e-16,2,160,160,1.7823494634702135e-08,d2h,0.298517917000936
0.3321955448669523,0.17579031182969465,1.164795163285411,3.0102751691041205,-1.8454800058187095,-1.8454800058187095,-1.1102230246251565e-16,2,160,160,1.8192419698083556e-08,d2h,0.2964629159996548
0.3362839581975311,0.1779538069920364,1.1308887892837425,2.973677380746799,-1.8427885914630564,-1.8427885914630564,1.1102230246251565e-16,2,160,160,1.8568532975712415e-08,d2h,0.3306089580000844
0.3404226886495161,0.1801439288283328,1.0974636612337811,2.9375245344753025,-1.8400608732415213,-1.8400608732415211,-2.220446049250313e-16,2,160,160,1.8952039333315024e-08,d2h,0.30057962499995483
0.3446123554882559,0.18236100503969374,1.0645145863649015,2.901811220851828,-1.8372966344869264,-1.8372966344869264,1.1102230246251565e-16,2,160,160,1.934316857351306e-08,d2h,0.3058874170001218
0.3488535856005521,0.18460536736032823,1.0320364322246904,2.866532096204481,-1.8344956639797907,-1.8344956639797911,2.220446049250313e-16,2,160,160,1.974216440375793e-08,d2h,0.29891862499971467
0.35314701358845824,0.1868773516071809,1.0000241257168079,2.831681881827707,-1.831657756110899,-1.831657756110899,1.1102230246251565e-16,2,160,160,2.0149292009323448e-08,d2h,0.29970200000025216
0.3574932818642336,0.18917729773017924,0.9684726521483857,2.7972553631924564,-1.8287827110440706,-1.8287827110440706,0.0,2,160,160,2.056483707674438e-08,d2h,0.30096216699894285
0.3618930407464651,0.19150554986309906,0.9373770542877333,2.7632473891659592,-1.825870334878226,-1.8258703348782257,-1.1102230246251565e-16,2,160,160,2.0989110120498797e-08,d2h,0.29490104199976486
0.3663469485573725,0.19386245637505636,0.9067324314311138,2.729652871240972,-1.8229204398098582,-1.8229204398098582,0.0,2,160,160,2.1422447188212582e-08,d2h,0.2964344579995668
0.3708556717213111,0.19624836992263262,0.8765339384790329,2.696466782774392,-1.819932844295359,-1.819932844295359,0.0,2,160,160,2.1865214093535562e-08,d2h,0.2979058750006516
0.37541988486448685,0.1986636475026417,0.8467767850209922,2.663684158235156,-1.8169073732141638,-1.8169073732141638,0.0,2,160,160,2.231780632305676e-08,d2h,0.28983133299880137
0.3800402709158985,0.2011086505055463,0.8174562344299301,2.631300092461245,-1.8138438580313148,-1.8138438580313148,1.1102230246251565e-16,2,160,160,2.278065292985534e-08,d2h,0.2978621670008579
0.38471752120952185,0.20358374476953134,0.7885676029648812,2.599309739925746,-1.8107421369608647,-1.810742136960865,3.3306690738754696e-16,2,160,160,2.3254224223684728e-08,d2h,0.29668712499915273
0.3894523355877526,0.2060893006352437,0.760106258882524,2.567708314011836,-1.8076020551293122,-1.807602055129312,-2.220446049250313e-16,2,160,160,2.37390272709494e-08,d2h,0.2936792090004019
0.394245422506121,0.20862569300120476,0.7320676215576791,2.5364910862965675,-1.8044234647388884,-1.8044234647388881,-2.220446049250313e-16,2,160,160,2.4235617036686707e-08,d2h,0.29347950000010314
0.39909749913929576,0.21119330137990527,0.704447160612606,2.5056533858433747,-1.8012062252307688,-1.801206225230769,2.220446049250313e-16,2,160,160,2.4744593826579927e-08,d2h,0.2979325839987723
0.4040092914883932,0.2137925099545909,0.6772403950555725,2.475190598503176,-1.7979502034476034,-1.7979502034476034,0.0,2,160,160,2.526661279107975e-08,d2h,0.29524758299885434
0.4089815344896063,0.21642370763674626,0.6504428924285137,2.4450981662239664,-1.7946552737954526,-1.7946552737954526,0.0,2,160,160,2.5802388905970138e-08,d2h,0.2980067919997964
0.4140149721241705,0.21908728812428635,0.6240502679648698,2.4153715863688197,-1.7913213184039498,-1.7913213184039498,0.0,2,160,160,2.6352696395216593e-08,d2h,0.28876291699998546
0.41911035752968395,0.2217836499604646,0.5980581837572045,2.3860064110421653,-1.7879482272849607,-1.787948227284961,1.1102230246251565e-16,2,160,160,2.6918380994033903e-08,d2h,0.2981317499998113
0.42426845311279693,0.22451319659350555,0.572462347935571,2.356998246424269,-1.7845358984886979,-1.7845358984886979,0.0,2,160,160,2.7500364120743248e-08,d2h,0.29666104200077825
0.42949003066328795,0.22727633643697148,0.547258513857283,2.3283427521138,-1.7810842382565168,-1.781084238256517,2.220446049250313e-16,2,160,160,2.809964464989496e-08,d2h,0.2979198749999341
0.43477587146954494,0.23007348293087224,0.5224424793078406,2.300035640478378,-1.7775931611705376,-1.7775931611705373,-2.220446049250313e-16,2,160,160,2.871731767546301e-08,d2h,0.2970530829989002
0.44012676643546633,0.23290505460352665,0.49801008571447736,2.2720726760130483,-1.774062590298571,-1.7740625902985707,-2.220446049250313e-16,2,160,160,2.9354566324125258e-08,d2h,0.29623349999928905
0.4455435161988023,0.23577147513418614,0.4739572173723363,2.244449674706518,-1.7704924573341818,-1.770492457334182,2.220446049250313e-16,2,160,160,3.001268829786694e-08,d2h,0.2944412079996255
0.4510269312509509,0.23867317341642805,0.450279800683861,2.217162503415126,-1.766882702731265,-1.7668827027312652,1.1102230246251565e-16,2,160,160,3.069309048079933e-08,d2h,0.31147162500019476
0.4565778320582298,0.24161058362232976,0.42697380341188707,2.1902070792444097,-1.7632332758325227,-1.7632332758325227,0.0,2,160,160,3.139730619000416e-08,d2h,0.30486787500012724
0.46219704918464033,0.24458414526743277,0.4040352339472295,2.163579368938194,-1.7595441349909646,-1.7595441349909646,0.0,2,160,160,3.212700835429691e-08,d2h,0.2991129580004781
0.46788542341614153,0.2475943032765057,0.3814601405900566,2.1372753882751137,-1.755815247685057,-1.755815247685057,0.0,2,160,160,3.2884012926255266e-08,d2h,0.31362395800169907
0.473643805886455,0.2506415080501172,0.3592446108460987,2.111291201472455,-1.7520465906263565,-1.7520465906263565,0.0,2,160,160,3.367030445512881e-08,d2h,0.30123912499948347
0.47947305820441677,0.25372621553202784,0.3373847707380926,2.0856229205972685,-1.748238149859176,-1.748238149859176,0.0,2,160,160,3.448803719044535e-08,d2h,0.2961941249996016
0.4853740525828978,0.2568488872774118,0.31587678413116804,2.060266704984623,-1.744389920853455,-1.7443899208534552,2.220446049250313e-16,2,160,160,3.533955951441284e-08,d2h,0.2938235829988116
0.49134767196931,0.26000999052191764,0.2947168520730554,2.0352187606629397,-1.7405019085898843,-1.7405019085898843,0.0,2,160,160,3.622743028738002e-08,d2h,0.3039650000009715
0.49739481017771897,0.2632099982515795,0.27390121214865104,2.0104753397863164,-1.7365741276376654,-1.7365741276376654,0.0,2,160,160,3.715443495552907e-08,d2h,0.2950553749997198
0.5035163720225829,0.26644938927358847,0.25342613784820744,1.9860327400737419,-1.7326066022255344,-1.7326066022255344,0.0,2,160,160,3.812360622799175e-08,d2h,0.29499475000011444
0.5097132734541368,0.269728648287935,0.2332879379491435,1.9618873042551412,-1.7285993663059978,-1.728599366305998,2.220446049250313e-16,2,160,160,3.91382476008591e-08,d2h,0.34923458299999766
0.5159864416954432,0.2730482659599332,0.21348295590984157,1.938035419524147,-1.7245524636143053,-1.7245524636143055,1.1102230246251565e-16,2,160,160,4.0201955092713785e-08,d2h,0.29444458299985854
0.5223368153811303,0.27640873899363727,0.19400756927685148,1.9144735169975255,-1.720465947720674,-1.7204659477206738,-2.220446049250313e-16,2,160,160,4.131864716036786e-08,d2h,0.2951249170000665
0.5287653446978362,0.27981057020616207,0.17485818910149553,1.8911980711811804,-1.716339882079685,-1.716339882079685,0.0,2,160,160,4.2492590476804524e-08,d2h,0.2974867089997133
0.5352729915263827,0.28325426860291775,0.15603125936898,1.868205599442638,-1.7121743400736582,-1.7121743400736582,1.1102230246251565e-16,2,160,160,4.3728434571302506e-08,d2h,0.2900341249987832
0.541860729585699,0.28674034945377136,0.13752325643577934,1.8454926614899538,-1.7079694050541745,-1.7079694050541745,0.0,2,160,160,4.5031239761862337e-08,d2h,0.29973108299964224
0.5485295445785147,0.2902693343701438,0.11933068847702644,1.8230558588569583,-1.7037251703799319,-1.7037251703799317,-2.220446049250313e-16,2,160,160,4.6406524622037035e-08,d2h,0.30050916699838126
0.5552804343388494,0.29384175138305846,0.10145009494147894,1.8008918343947427,-1.6994417394532637,-1.6994417394532637,0.0,2,160,160,4.786029570439773e-08,d2h,0.29850549999900977
0.5621144089813144,0.2974581350221475,0.0838780460150923,1.778997271769352,-1.6951192257542598,-1.6951192257542598,0.0,2,160,160,4.939910565092331e-08,d2h,0.29779645899907337
0.5690324910522526,0.30111902639563276,0.06661114209113927,1.757368894965565,-1.6907577528744258,-1.6907577528744258,0.0,2,160,160,5.1030087749738004e-08,d2h,0.29726537500027916
0.5760357156827404,0.3048249732712897,0.049646013247709675,1.7360034677967153,-1.6863574545490057,-1.6863574545490057,0.0,2,160,160,5.2761024120716164e-08,d2h,0.2988961659993947
0.5831251307434693,0.30857653015840814,0.03297931873160853,1.7148977934204728,-1.6819184746888642,-1.681918474688864,-2.220446049250313e-16,2,160,160,5.460039259156171e-08,d2h,0.29444750000038766
0.590301797001537,0.3123742583907619,0.016607746448920158,1.6940487138605074,-1.677440967411587,-1.677440967411587,-1.1102230246251565e-16,2,160,160,5.655743603039726e-08,d2h,0.2952612079989194
0.5975667882791664,0.31621872621059977,0.000528012462590155,1.6734531095339724,-1.6729250970713823,-1.6729250970713823,0.0,2,160,160,5.8642234179790424e-08,d2h,0.2949338340004033
0.6049211916143773,0.32011050885366876,-0.01526313950375624,1.6531078987847332,-1.6683710382884893,-1.6683710382884893,-1.1102230246251565e-16,2,160,160,6.086577143371054e-08,d2h,0.29627233399878605
0.6123661074236376,0.3240501886352861,-0.03076893855397933,1.633010037422263,-1.6637789759762422,-1.6637789759762422,0.0,2,160,160,6.324002644561274e-08,d2h,0.29533762500068406
0.6199026496665151,0.32803835503746864,-0.0459925871003628,1.613156518266156,-1.6591491053665188,-1.6591491053665188,0.0,2,160,160,6.577805262849483e-08,d2h,0.2963603330008482
0.6275319460123548,0.332075604797135,-0.06093726133533872,1.5935443706961685,-1.6544816320315072,-1.6544816320315072,0.0,2,160,160,6.849407210855795e-08,d2h,0.29702104199895984
0.6352551380090101,0.33616254199539386,-0.07560611169507081,1.5741706602077359,-1.6497767719028067,-1.6497767719028067,0.0,2,160,160,7.140357701966441e-08,d2h,0.2981464999993477
0.6430733812536477,0.3402997781479307,-0.09000226331186256,1.5550324879728925,-1.6450347512847552,-1.6450347512847552,1.1102230246251565e-16,2,160,160,7.452343074891727e-08,d2h,0.2988510840004892
0.6509878455656565,0.3444879322965068,-0.1041288164564621,1.536126990406526,-1.6402558068629882,-1.6402558068629882,1.1102230246251565e-16,2,160,160,7.787196559108013e-08,d2h,0.3015613329989719
0.6589997151616842,0.34872763110158456,-0.11798884696818301,1.5174513387379114,-1.6354401857060945,-1.6354401857060945,1.1102230246251565e-16,2,160,160,8.14690959611505e-08,d2h,0.2983463330001541
0.667110188832828,0.3530195089360929,-0.13158540667274354,1.4990027385874503,-1.6305881452601938,-1.630588145260194,2.220446049250313e-16,2,160,160,8.533641812131162e-08,d2h,0.2976977909984271
0.6753204801240055,0.3573642079803464,-0.14492152378597312,1.4807784295485535,-1.6256999533345267,-1.6256999533345267,0.0,2,160,160,8.949730911564597e-08,d2h,0.298537208000198
0.683631817515534,0.36176237831813274,-0.15800020330417297,1.4627756847746152,-1.6207758880787881,-1.6207758880787881,0.0,2,160,160,9.397701996991805e-08,d2h,0.2970463750007184
0.6920454446069441,0.36621467803398267,-0.1708244273789702,1.4449918105709991,-1.6158162379499692,-1.6158162379499692,-1.1102230246251565e-16,2,160,160,9.880275716313107e-08,d2h,0.2960119580002356
0.7005626203030557,0.37072177331163736,-0.1833971556767301,1.4274241459919896,-1.6108213016687198,-1.6108213016687196,-1.1102230246251565e-16,2,160,160,1.0400375316460522e-07,d2h,0.3466439999992872
0.7091846190023441,0.3752843385337271,-0.1957213257231245,1.410070062442647,-1.6057913881657715,-1.6057913881657715,0.0,2,160,160,1.0961133387390919e-07,d2h,0.300231667000844
0.7179127307876237,0.37990305638267735,-0.20779985323040306,1.3929269632854921,-1.6007268165158952,-1.6007268165158952,0.0,2,160,160,1.1565896929341008e-07,d2h,0.3138410000010481
0.7267482616190799,0.38457861794285614,-0.21963563240953388,1.375992283451987,-1.595627915861521,-1.5956279158615208,-2.220446049250313e-16,2,160,160,1.2218233721628473e-07,d2h,0.30312579199926404
0.7356925335296755,0.38931172280397913,-0.2312315362656845,1.359263489058725,-1.5904950253244095,-1.5904950253244095,0.0,2,160,160,1.292194062765105e-07,d2h,0.38386029200046323
0.7447468848229617,0.39410307916578663,-0.24259041687890975,1.3427380770282997,-1.5853284939072094,-1.5853284939072094,-5.551115123125783e-17,2,160,160,1.3681053211932732e-07,d2h,0.31059908299903327
0.7539126702733256,0.3989534039440099,-0.25371510566890665,1.3264135747147707,-1.5801286803836774,-1.5801286803836776,2.220446049250313e-16,2,160,160,1.449986274055883e-07,d2h,0.3068624159986939
0.7631912613287002,0.4038634228776406,-0.26460841364525467,1.3102875395336955,-1.5748959531789501,-1.5748959531789501,0.0,2,160,160,1.5382938251840577e-07,d2h,0.3031333340004494
0.7725840463157692,0.4088338706375208,-0.2752731316437097,1.2943575585966498,-1.5696306902403596,-1.5696306902403596,1.1102230246251565e-16,2,160,160,1.6335158441594963e-07,d2h,0.29874766600005387
0.7820924306476994,0.41386549093627,-0.28571203054977534,1.2786212483501953,-1.5643332788999706,-1.5643332788999706,0.0,2,160,160,1.7361750670737208e-07,d2h,0.30268529199929617
0.791717837034427,0.4189590366395637,-0.29592786150913053,1.2630762542192366,-1.5590041157283672,-1.5590041157283672,0.0,2,160,160,1.8468339697466643e-07,d2h,0.2996374999984255
0.8014617056955343,0.4241152698787833,-0.30592335612810584,1.2477202502547111,-1.553643606382817,-1.553643606382817,0.0,2,160,160,1.9661003439823315e-07,d2h,0.3048043750004581
0.8113254945757448,0.42933496216505085,-0.3157012266629712,1.2325509387855687,-1.54825216544854,-1.54825216544854,1.1102230246251565e-16,2,160,160,2.0946332917836103e-07,d2h,0.3001885419998871
0.8213106795630702,0.4346188945046677,-0.32526416620007365,1.2175660500749739,-1.5428302162750476,-1.5428302162750474,-1.6653345369377348e-16,2,160,160,2.2331497083802817e-07,d2h,0.29800458300087485
0.8314187547096447,0.43996785751597467,-0.3346148488282866,1.2027633419806953,-1.5373781908089819,-1.5373781908089819,-1.1102230246251565e-16,2,160,160,2.382430550724456e-07,d2h,0.3466876670008787
0.8416512324552737,0.44538265154764956,-0.3437559298033394,1.188140599619619,-1.5318965294229585,-1.5318965294229585,5.551115123125783e-17,2,160,160,2.5433273222714436e-07,d2h,0.28445087500040245
0.8520096438537359,0.4508640867984601,-0.3526900457064005,1.1736956350363446,-1.5263856807427452,-1.5263856807427452,1.1102230246251565e-16,2,160,160,2.7167681641374505e-07,d2h,0.2935893750000105
0.8624955388018709,0.4564129834384928,-0.3614198145962123,1.1594262868758052,-1.5208461014720176,-1.5208461014720176,1.1102230246251565e-16,2,160,160,2.9037640027198286e-07,d2h,0.2954669160008052
0.8731104862714845,0.4620301717318715,-0.3699478361564872,1.1453304200598742,-1.5152782562163614,-1.5152782562163614,0.0,2,160,160,3.1054146527507315e-07,d2h,0.29460929200104147
0.8838560745441091,0.46771649216098726,-0.37827669183835216,1.1314059254678965,-1.5096826173062488,-1.5096826173062485,-1.6653345369377348e-16,2,160,160,3.3229149224707504e-07,d2h,0.29443849999915983
0.8947339114486542,0.47347279555225763,-0.38640894499891243,1.1176507196211114,-1.5040596646200237,-1.5040596646200237,-1.1102230246251565e-16,2,160,160,3.557561343661318e-07,d2h,0.29840429199975915
0.9057456246019799,0.47929994320343267,-0.39434714103596435,1.104062744370903,-1.4984098854068675,-1.4984098854068675,1.1102230246251565e-16,2,160,160,3.810759141947358e-07,d2h,0.30856950000088545
0.9168928616524324,0.4851988070124684,-0.40209380751840673,1.0906399665908522,-1.4927337741092588,-1.4927337741092588,-1.1102230246251565e-16,2,160,160,4.0840301403808287e-07,d2h,0.29103729099915654
0.9281772905263772,0.49117026960798654,-0.40965145431405564,1.0773803778725202,-1.4870318321865759,-1.4870318321865756,-1.6653345369377348e-16,2,160,160,4.37902149047276e-07,d2h,0.29555104200153437
0.9396005996777639,0.4972152244813384,-0.41702257371374907,1.06428199422494,-1.4813045679386891,-1.4813045679386891,1.1102230246251565e-16,2,160,160,4.6975154459152294e-07,d2h,0.3029057499988994
0.9511644983407666,0.5033345761202968,-0.4242096405528823,1.051342855777758,-1.4755524963306403,-1.4755524963306401,-1.6653345369377348e-16,2,160,160,5.04144034847558e-07,d2h,0.2924032499995519
0.9628707167855299,0.5095292401443903,-0.4312151123298664,1.038561026487983,-1.4697761388178494,-1.4697761388178492,-2.220446049250313e-16,2,160,160,5.412882920796191e-07,d2h,0.29927129200041236
0.974721006577064,0.5158001434419054,-0.43804142932284995,1.0259345938503044,-1.4639760231731542,-1.4639760231731542,-1.1102230246251565e-16,2,160,160,5.814102041726584e-07,d2h,0.2995952920009586
0.986717140837326,0.5221482243085738,-0.444691014704583,1.0134616686109272,-1.4581526833155103,-1.45815268331551,-1.6653345369377348e-16,2,160,160,6.247543965636028e-07,d2h,0.2959369580003113
0.998860914510527,0.528574432587966,-0.4511662746566651,1.0011403844848918,-1.452306659141557,-1.452306659141557,5.551115123125783e-17,2,160,160,6.715859267492106e-07,d2h,0.2968857500000013
1.0111541446317034,0.5350797298136145,-0.45746959848350616,0.9889688978768256,-1.4464384963603318,-1.4464384963603318,5.551115123125783e-17,2,160,160,7.221921581956021e-07,d2h,0.300694667001153
1.0235986705985942,0.5416650893528843,-0.4636033587277365,0.9769453876050915,-1.4405487463328281,-1.4405487463328281,1.1102230246251565e-16,2,160,160,7.768848165955733e-07,d2h,0.2936569169996801
1.0361963544468655,0.5483314965526149,-0.4695699112869955,0.9650680546292913,-1.434637965916287,-1.434637965916287,5.551115123125783e-17,2,160,160,8.360022663921025e-07,d2h,0.29016487499939103
1.0489490811287192,0.5550799488865552,-0.4753715955338185,0.9533351217810805,-1.428706717314899,-1.428706717314899,5.551115123125783e-17,2,160,160,8.999120282119044e-07,d2h,0.29801033300100244
1.0618587587949346,0.5619114561046118,-0.48101073443882353,0.9417448334982556,-1.4227555679370791,-1.4227555679370791,5.551115123125783e-17,2,160,160,9.690135510513208e-07,d2h,0.2981462919997284
1.0749273190803768,0.5688270403839348,-0.4864896346977178,0.9302954555620759,-1.4167850902597938,-1.4167850902597936,-1.1102230246251565e-16,2,160,160,1.0437413118765591e-06,d2h,0.2853357079984562
1.088156717393023,0.5758277364818635,-0.4918105868610348,0.9189852748377765,-1.4107958616988112,-1.4107958616988112,-5.551115123125783e-17,2,160,160,1.1245682667733354e-06,d2h,0.3113286669995432
1.1015489332065447,0.5829145918907535,-0.49697586546608374,0.9078125990182375,-1.4047884644843212,-1.4047884644843212,-1.1102230246251565e-16,2,160,160,1.212009713157442e-06,d2h,0.290401792000921
1.1151059703564865,0.5900886669947093,-0.5019877291688365,0.8967757563707703,-1.398763485539607,-1.398763485539607,1.1102230246251565e-16,2,160,160,1.3066276377548348e-06,d2h,0.30505154200000106
1.1288298573400986,0.5973510352282474,-0.5068484208726123,0.8858730954869806,-1.3927215163595927,-1.3927215163595927,-5.551115123125783e-17,2,160,160,1.4090356240366715e-06,d2h,0.3003663339986815
1.142722647619851,0.6047027832369102,-0.5115601678507379,0.8751029850356737,-1.3866631528864115,-1.3866631528864115,-1.1102230246251565e-16,2,160,160,1.5199043707083955e-06,d2h,0.3024974160016427
1.1567864199306883,0.612145011039857,-0.5161251818581132,0.8644638135187631,-1.3805889953768764,-1.3805889953768764,5.551115123125783e-17,2,160,160,1.6399679417411837e-06,d2h,0.3067398339990177
1.1710232785910635,0.6196788321944573,-0.5205456592292319,0.8539539890301473,-1.3744996482593792,-1.3744996482593794,2.220446049250313e-16,2,160,160,1.7700308064744985e-06,d2h,0.3040927500005637
1.185435353817802,0.627305373962909,-0.5248237809584202,0.8435719390175174,-1.3683957199759376,-1.3683957199759376,-5.551115123125783e-17,2,160,160,1.9109757840744693e-06,d2h,0.2950281659996108
1.200024802044837,0.6350257774809057,-0.5289617127615688,0.8333161100470627,-1.3622778228086316,-1.3622778228086316,1.1102230246251565e-16,2,160,160,2.0637729685775285e-06,d2h,0.3007545000000391
1.2147938062458725,0.6428411979283832,-0.5329616051192607,0.8231849675710329,-1.3561465726902937,-1.3561465726902937,1.1102230246251565e-16,2,160,160,2.229489748302968e-06,d2h,0.30184770799860416
1.2297445762610135,0.6507528047023643,-0.5368255933030183,0.8131769956981293,-1.3500025890011476,-1.3500025890011476,0.0,2,160,160,2.4093019891649667e-06,d2h,0.29516824999882374
1.244879349127417,0.6587617815919317,-0.5405557973889487,0.8032906969666882,-1.343846494355637,-1.343846494355637,1.1102230246251565e-16,2,160,160,2.604506469985742e-06,d2h,0.30471591599962267
1.260200389414015,0.6668693269553563,-0.5441543222644738,0.7935245921206178,-1.3376789143850916,-1.3376789143850916,5.551115123125783e-17,2,160,160,2.8165346237385026e-06,d2h,0.2910720410000067
1.2757099895603514,0.6750766538994016,-0.5476232576335343,0.7838772198880646,-1.3315004775215988,-1.3315004775215988,5.551115123125783e-17,2,160,160,3.046967613506376e-06,d2h,0.29108999999880325
1.291410470219597,0.6833849904608394,-0.5509646780268006,0.7743471367627641,-1.3253118147895648,-1.3253118147895648,1.1102230246251565e-16,2,160,160,3.297552707856953e-06,d2h,0.2932590000000346
1.307304180605778,0.6917955797901955,-0.5541806428206497,0.7649329167880581,-1.3191135596087078,-1.319113559608708,2.220446049250313e-16,2,160,160,3.570220875102687e-06,d2h,0.3026792499986186
1.3233934988452827,0.7003096803377585,-0.5572731962685343,0.7556331513435292,-1.3129063476120635,-1.3129063476120635,0.0,2,160,160,3.867105412200389e-06,d2h,0.30280441700051597
1.3396808323326939,0.7089285660418789,-0.5602443675461057,0.7464464489342353,-1.306690816480341,-1.3066908164803412,1.6653345369377348e-16,2,160,160,4.190561276196246e-06,d2h,0.3036639580004703
1.3561686180909998,0.7176535265195838,-0.5630961708082513,0.7373714349825043,-1.3004676057907556,-1.3004676057907556,0.0,2,160,160,4.543184637576354e-06,d2h,0.3035881249998056
1.372859323136236,0.7264858672595376,-0.5658306052566744,0.7284067516222598,-1.2942373568789343,-1.2942373568789343,5.551115123125783e-17,2,160,160,4.9278319110250085e-06,d2h,0.29638129099839716
1.3897554448466207,0.7354269098173798,-0.5684496552149713,0.719551057495849,-1.2880007127108204,-1.2880007127108204,1.1102230246251565e-16,2,160,160,5.34763719489594e-06,d2h,0.3069900829996186
1.4068595113362274,0.7444779920134641,-0.5709552902064838,0.7108030275533379,-1.2817583177598217,-1.2817583177598215,-1.6653345369377348e-16,2,160,160,5.806026624357389e-06,d2h,0.2964400419987214
1.4241740818332589,0.7536404681330323,-0.5733494650327544,0.7021613528542497,-1.275510817887004,-1.275510817887004,-5.551115123125783e-17,2,160,160,6.306727512652797e-06,d2h,0.29470812500039756
1.4417017470629774,0.7629157091288522,-0.5756341198488801,0.6936247403717112,-1.2692588602205914,-1.2692588602205912,-1.1102230246251565e-16,2,160,160,6.853769311030375e-06,d2h,0.2949705420014652
1.4594451296353472,0.7723051028263496,-0.5778111802343031,0.685191912798981,-1.263003093033284,-1.263003093033284,-5.551115123125783e-17,2,160,160,7.4514722440353774e-06,d2h,0.2944904160012811
1.4774068844374448,0.7818100541312621,-0.5798825572572741,0.6768616083583312,-1.2567441656156053,-1.2567441656156053,-5.551115123125783e-17,2,160,160,8.104417778103154e-06,d2h,0.2977283330001228
1.4955896990307056,0.7914319852398536,-0.581850147533332,0.6686325806122506,-1.2504827281455826,-1.2504827281455826,-5.551115123125783e-17,2,160,160,8.81739263812526e-06,d2h,0.2861123340007907
1.513996294053051,0.8011723358517107,-0.5837158332775166,0.6605035982769452,-1.2442194315544617,-1.2442194315544617,-1.1102230246251565e-16,2,160,160,9.595294586144741e-06,d2h,0.29198537499905797
1.5326294236259734,0.8110325633851624,-0.5854814823523028,0.6524734450381023,-1.2379549273904051,-1.2379549273904051,0.0,2,160,160,1.0442983050473685e-05,d2h,0.29713837500094087
1.551491875766623,0.8210141431953477,-0.587148948311842,0.6445409193689012,-1.231689867680743,-1.231689867680743,-1.1102230246251565e-16,2,160,160,1.136505052017742e-05,d2h,0.29769087500062597
1.5705864728049708,0.8311185687949683,-0.5887200704447436,0.6367048343502294,-1.225424904794973,-1.225424904794973,0.0,2,160,160,1.2365480974072623e-05,d2h,0.29971575000126904
1.5899160718061085,0.8413473520777599,-0.590196673816957,0.6289640174930886,-1.2191606913100457,-1.2191606913100457,1.1102230246251565e-16,2,160,160,1.3447150390678113e-05,d2h,0.28633512499982317
1.609483564997738,0.8517020235447106,-0.5915805693163522,0.621317310563159,-1.2128978798795111,-1.2128978798795111,0.0,2,160,160,1.4611116557562631e-05,d2h,0.29457608300072025
1.6292918802029277,0.8621841325330651,-0.5928735537005294,0.6137635694074964,-1.2066371231080257,-1.2066371231080257,-1.1102230246251565e-16,2,160,160,1.5855656138999283e-05,d2h,0.29941254100049264
1.649343981278194,0.8727952474481474,-0.5940774096490732,0.6063016637833356,-1.200379073432409,-1.200379073432409,1.1102230246251565e-16,2,160,160,1.7175075348388455e-05,d2h,0.2905981670010078
1.669642868556976,0.883536955998038,-0.5951939058207738,0.598930477188976,-1.1941243830097497,-1.19412438300975,2.7755575615628914e-16,2,160,160,1.8558521844755533e-05,d2h,0.29066687500016997
1.6901915792985611,0.8944108654311347,-0.5962247969168073,0.5916489066967222,-1.1878737036135294,-1.1878737036135294,-1.1102230246251565e-16,2,160,160,1.9989443013029775e-05,d2h,0.29622283300159324
1.7109931881425442,0.9054186027766421,-0.5971718237494331,0.584455862787859,-1.181627686537292,-1.181627686537292,0.0,2,160,160,2.144687071653277e-05,d2h,0.28963458300131606
1.7320508075688772,0.9165618150880194,-0.5980367133164566,0.5773502691896258,-1.1753869825060823,-1.1753869825060823,-1.6653345369377348e-16,2,160,160,2.2909694903356507e-05,d2h,0.29495241600125155
1.7533675883635764,0.9278421696894221,-0.5988211788804976,0.5703310627141812,-1.169152241594679,-1.169152241594679,5.551115123125783e-17,2,160,160,2.4363436823997327e-05,d2h,0.2927233749996958
1.7749467200901663,0.9392613544251794,-0.5995269200528807,0.5633971930995204,-1.162924113152401,-1.162924113152401,0.0,2,160,160,2.5806271003388445e-05,d2h,0.29054954200000793
1.796791431566927,0.9508210779123427,-0.6001556228805827,0.5565476228523254,-1.156703245732908,-1.156703245732908,5.551115123125783e-17,2,160,160,2.7250635160053596e-05,d2h,0.2821893750005984
1.8189049913500068,0.9625230697963371,-0.6007089599358761,0.5497813270927315,-1.1504902870286076,-1.1504902870286078,5.551115123125783e-17,2,160,160,2.872027861671479e-05,d2h,0.291197958000339
1.841290708222489,0.9743690810097656,-0.6011885904070375,0.5430972934009759,-1.1442858838080134,-1.1442858838080134,0.0,2,160,160,3.0245827037656478e-05,d2h,0.290790625000227
1.863951931689477,0.9863608840343958,-0.6015961601897091,0.5364945216659126,-1.1380906818556218,-1.1380906818556218,5.551115123125783e-17,2,160,160,3.186154321846922e-05,d2h,0.3296672500000568
1.8868920524792656,0.998500273166369,-0.6019333019775299,0.5299720239353697,-1.1319053259128995,-1.1319053259128995,-1.6653345369377348e-16,2,160,160,3.360389587378867e-05,d2h,0.2963067079999746
1.9101145030506872,1.0107890647846758,-0.602201635351787,0.5235288242683239,-1.1257304596201108,-1.1257304596201108,-1.1102230246251565e-16,2,160,160,3.551133049532854e-05,d2h,0.3001852500001405
1.933622758106703,1.0232290976229372,-0.6024027668692895,0.5171639585888744,-1.119566725458164,-1.119566725458164,5.551115123125783e-17,2,160,160,3.7624472532045676e-05,d2h,0.29194058399843925
1.9574203351143067,1.0358222330445255,-0.6025382901484443,0.5108764745419913,-1.1134147646904355,-1.1134147646904355,0.0,2,160,160,3.998619767631443e-05,d2h,0.2950933749998512
1.981510794830834,1.0485703553210755,-0.6026097859534063,0.5046654313510174,-1.1072752173044238,-1.1072752173044238,1.1102230246251565e-16,2,160,160,4.264118445772616e-05,d2h,0.286402415998964
2.0058977418367516,1.061475371914424,-0.6026188222767151,0.498529899676902,-1.1011487219536171,-1.1011487219536171,0.0,2,160,160,4.563465630798475e-05,d2h,0.30071270799999184
2.0305848250749934,1.0745392137620149,-0.6025669544208592,0.4924689614791484,-1.0950359159000076,-1.0950359159000076,0.0,2,160,160,4.901008011665992e-05,d2h,0.29311979199883353
2.0555757383969415,1.0877638355658192,-0.6024557250797984,0.48648170987844924,-1.0889374349582477,-1.0889374349582477,-5.551115123125783e-17,2,160,160,5.280569804141112e-05,d2h,0.2940598750010395
2.0808742211151325,1.1011512160848147,-0.6022866644211258,0.4805672490209926,-1.0828539134421185,-1.0828539134421185,5.551115123125783e-17,2,160,160,5.705001075188951e-05,d2h,0.28603291699982947
2.106484058562749,1.1147033584310564,-0.6020612901702516,0.4747246939444197,-1.0767859841146712,-1.0767859841146712,0.0,2,160,160,6.175675770240517e-05,d2h,0.29548683400025766
2.132409082660013,1.1284222903693992,-0.6017811076981727,0.4689531704454093,-1.070734278143582,-1.070734278143582,5.551115123125783e-17,2,160,160,6.692050899057972e-05,d2h,0.2929981659999612
2.158653172487546,1.1423100646209061,-0.6014476101136381,0.4632518149488737,-1.064699425062512,-1.064699425062512,1.1102230246251565e-16,2,160,160,7.251445419803418e-05,d2h,0.29259566699874995
2.185220254866779,1.1563687591699885,-0.6010622783620021,0.45761977437874546,-1.0586820527407474,-1.0586820527407474,-5.551115123125783e-17,2,160,160,7.849190424436915e-05,d2h,0.29801504100032616
2.2121143049475123,1.1706004775753303,-0.6006265813315163,0.45205620603033325,-1.0526827873618494,-1.0526827873618494,-1.1102230246251565e-16,2,160,160,8.479204155668391e-05,d2h,0.2985088750010618
2.239339346802705,1.1850073492846351,-0.600141975968933,0.4465602774442315,-1.0467022534131645,-1.0467022534131645,0.0,2,160,160,9.134877170753329e-05,d2h,0.2976691249987198
2.2668994540305873,1.199591529953252,-0.5996099074053436,0.4411311662817609,-1.0407410736871046,-1.0407410736871046,-5.551115123125783e-17,2,160,160,9.810012116979548e-05,d2h,0.3021292080011335
2.2947987503641745,1.2143552017667154,-0.599031809093546,0.43576806020192593,-1.034799869295472,-1.034799869295472,1.1102230246251565e-16,2,160,160,0.00010499551908894648,d2h,0.2968045830002666
2.323041410288292,1.2293005737672615,-0.5984091029572092,0.4304701567398658,-1.0288792596970748,-1.0288792596970748,-1.1102230246251565e-16,2,160,160,0.00011199953995477307,d2h,0.29957287500110397
2.351631659664193,1.2444298821843602,-0.5977431995524909,0.4252366631867839,-1.0229798627392748,-1.0229798627392748,-5.551115123125783e-17,2,160,160,0.00011909228534363749,d2h,0.30170779100080836
2.380573776361854,1.2597453907693144,-0.5970354982411503,0.4200667964713383,-1.0171022947124886,-1.0171022947124886,0.0,2,160,160,0.00012626755732801902,d2h,0.29935849999856146
2.4098720909000635,1.2752493911339764,-0.5962873873747204,0.4149597830424726,-1.011247170417193,-1.011247170417193,0.0,2,160,160,0.0001335300952602583,d2h,0.29639870900064125
2.4395309870943875,1.2909442030936398,-0.5955002444875792,0.40991485875367123,-1.0054151032412504,-1.0054151032412504,0.0,2,160,160,0.0001408927734465709,d2h,0.2947155000001658
2.469554902713098,1.3068321750141405,-0.5946754364963625,0.4049312687486242,-0.9996067052449866,-0.9996067052449867,5.551115123125783e-17,2,160,160,0.00014837420838194706,d2h,0.2999450829993293
2.499948330141187,1.3229156841632377,-0.5938143199024783,0.40000826734827916,-0.9938225872507576,-0.9938225872507576,0.0,2,160,160,0.00015599690688417904,d2h,0.3015858329999901
2.5307158170525517,1.3391971370663194,-0.5929182409936158,0.3951451179392673,-0.9880633589328831,-0.9880633589328831,0.0,2,160,160,0.00016378592324742364,d2h,0.29465158299899485
2.561861967090441,1.3556789698664788,-0.5919885360395549,0.39034109286368796,-0.9823296289032428,-0.9823296289032428,-5.551115123125783e-17,2,160,160,0.0001717679350631774,d2h,0.30430675000025076
2.593391440556288,1.3723636486890296,-0.5910265314776575,0.38559547331022953,-0.9766220047878871,-0.976622004787887,0.0,2,160,160,0.00017997064175202527,d2h,0.3072066659988195
2.6253089551070206,1.3892536700105054,-0.5900335440831503,0.3809075492066172,-0.9709410932897675,-0.9709410932897675,0.0,2,160,160,0.00018842240451759143,d2h,0.297451499998715
2.657619286460942,1.406351561032197,-0.5890108811200423,0.37627661911336624,-0.9652875002334085,-0.9652875002334085,-5.551115123125783e-17,2,160,160,0.00019715206509061877,d2h,0.2985212080002384
2.6903272691123097,1.4236598800582905,-0.587959840469503,0.37170199011882904,-0.959661830588332,-0.959661830588332,-5.551115123125783e-17,2,160,160,0.000206188897585299,d2h,0.2905975829999079
2.7234377970547117,1.441181216878662,-0.5868817107333028,0.367182977735515,-0.9540646884688178,-0.9540646884688178,0.0,2,160,160,0.0002155626611241408,d2h,0.28988720800043666
2.7569558245133288,1.4589181931563733,-0.5857777713122121,0.36271890579767435,-0.9484966771098864,-0.9484966771098864,5.551115123125783e-17,2,160,160,0.00022530373118890643,d2h,0.30900833300074737
2.7908863666862267,1.4768734628199482,-0.5846492924598067,0.3583091063601257,-0.9429583988199324,-0.9429583988199324,0.0,2,160,160,0.00023544329533004967,d2h,0.306491957999242
2.8252345004947665,1.4950497124604714,-0.583497535314447,0.3539529195983116,-0.9374504549127587,-0.9374504549127588,1.1102230246251565e-16,2,160,160,0.00024601360463728865,d2h,0.3017896669989568
2.860005365343241,1.5134496617335707,-0.5823237519125581,0.3496496937095731,-0.9319734456221312,-0.9319734456221314,1.1102230246251565e-16,2,160,160,0.00025704827667087757,d2h,0.29342595799971605
2.8952041638878723,1.5320760637663537,-0.581129185187415,0.345398784815622,-0.9265279700030369,-0.926527970003037,0.0,2,160,160,0.00026858264881001056,d2h,0.2967297499999404
2.9308361628152735,1.5509317055693523,-0.5799150689574675,0.3411995568661982,-0.9211146258236657,-0.9211146258236658,1.1102230246251565e-16,2,160,160,0.0002806541832229289,d2h,0.29625195799962967
2.9669066936304764,1.5700194084535277,-0.5786826279077479,0.33705138154390113,-0.9157340094516491,-0.9157340094516491,0.0,2,160,160,0.00029330292621283793,d2h,0.2979019579997839
3.0034211534546764,1.5893420284524198,-0.57743307756734,0.3329536381701756,-0.9103867157375156,-0.9103867157375155,-5.551115123125783e-17,2,160,160,0.0003065720255435203,d2h,0.28844945799937705
3.0403850058327815,1.608902456749483,-0.5761676242841822,0.32890571361244214,-0.9050733378966244,-0.9050733378966244,-5.551115123125783e-17,2,160,160,0.00032050830945404155,d2h,0.3005034160014475
3.0778037815509127,1.62870362011069,-0.5748874651978997,0.3249070021923547,-0.8997944673902544,-0.8997944673902544,0.0,2,160,160,0.0003351629305244167,d2h,0.29673720900063927
3.1156830794639494,1.6487484813224487,-0.573593788209515,0.32095690559517664,-0.8945506938046917,-0.8945506938046917,0.0,2,160,160,0.00035059207618143843,d2h,0.317206375000751
3.1540285673332726,1.6690400396349174,-0.5722877719465083,0.31705483278025554,-0.8893426047267639,-0.8893426047267639,0.0,2,160,160,0.0003668577455011355,d2h,0.31669166699975904
3.1928459826748194,1.6895813312107761,-0.5709705857206017,0.31320019989258807,-0.8841707856131897,-0.8841707856131897,0.0,2,160,160,0.00038402858881072806,d2h,0.2954899579999619
3.2321411336175605,1.7103754295795124,-0.5696433894753854,0.309392430175459,-0.8790358196508443,-0.8790358196508444,-5.551115123125783e-17,2,160,160,0.00040218080263496736,d2h,0.29858162500022445
3.271919899772556,1.7314254460973073,-0.56830733372074,0.30563095388414424,-0.8739382876048842,-0.8739382876048842,0.0,2,160,160,0.0004213990673708107,d2h,0.3057204589986213
3.3121882331127095,1.7527345304125794,-0.5669635594507638,0.30191520820066,-0.8688787676514238,-0.8688787676514238,5.551115123125783e-17,2,160,160,0.00044177750922096343,d2h,0.2874846249997063
3.3529521588633333,1.7743058709372534,-0.5656131980422124,0.2982446371495516,-0.8638578351917641,-0.8638578351917641,1.1102230246251565e-16,2,160,160,0.0004634206609360178,d2h,0.3012456670003303
3.3942177764036883,1.7961426953238335,-0.5642573711303955,0.29461869151470316,-0.8588760626450986,-0.8588760626450986,0.0,2,160,160,0.0004864443885345856,d2h,0.29603183299877855
3.435991260179621,1.81824827094835,-0.562897190459444,0.2910368287571616,-0.8539340192166056,-0.8539340192166056,-5.551115123125783e-17,2,160,160,0.0005109767433054876,d2h,0.29629224999916914
3.4782788606274146,1.840625905399241,-0.5615337577040183,0.28749851293395695,-0.8490322706379752,-0.8490322706379752,5.551115123125783e-17,2,160,160,0.0005371586908036834,d2h,0.2948736660000577
3.5210869051090308,1.86327894697226,-0.5601681642593697,0.28400321461791217,-0.8441713788772818,-0.8441713788772819,-2.7755575615628914e-17,2,160,160,0.0005651446616829138,d2h,0.30017770799895516
3.564421798858856,1.8862107851714731,-0.5588014909966144,0.2805504108184246,-0.8393519018150389,-0.8393519018150389,-2.7755575615628914e-17,2,160,160,0.0005951028640556913,d2h,0.297747459000675
3.6082900259420847,1.9094248512164143,-0.5574348079801505,0.2771395849032149,-0.8345743928833654,-0.8345743928833654,0.0,2,160,160,0.0006272152942844742,d2h,0.3034779170011461
3.65269815022492,1.9329246185554918,-0.5560691741437724,0.27377022652102345,-0.8298394006647959,-0.8298394006647959,-5.551115123125783e-17,2,160,160,0.0006616773841636929,d2h,0.2932897499995306
3.6976528163567055,1.956713603385711,-0.5547056369226245,0.2704418315252483,-0.8251474684478728,-0.8251474684478728,-8.326672684688674e-17,2,160,160,0.0006986972281875862,d2h,0.294413749999876
3.743160750764134,1.9807953651787875,-0.5533452318376013,0.2671539018985115,-0.8204991337361128,-0.8204991337361129,8.326672684688674e-17,2,160,160,0.0007384943463325295,d2h,0.29193574999953853
3.789228762657708,2.0051735072137413,-0.5519889820294601,0.26390594567814246,-0.8158949277076026,-0.8158949277076025,-5.551115123125783e-17,2,160,160,0.000781297956433795,d2h,0.29331091699896206
3.8358637450505855,2.029851677116049,-0.5506378977397739,0.26069747688256656,-0.8113353746223404,-0.8113353746223404,0.0,2,160,160,0.0008273447563739566,d2h,0.2953485839989298
3.883072675789949,2.0548335674034184,-0.5492929757363381,0.25752801543858966,-0.8068209911749278,-0.8068209911749277,2.7755575615628914e-17,2,160,160,0.0008768762500713527,d2h,0.29851400000006834
3.9308626186010844,2.080122916038294,-0.5479551986807661,0.2543970871095669,-0.802352285790333,-0.8023522857903331,8.326672684688674e-17,2,160,160,0.0009301356912265517,d2h,0.3008762500012381
3.97924072414431,2.105723506987157,-0.5466255344364382,0.2513042234244419,-0.7979297578608802,-0.7979297578608802,0.0,2,160,160,0.0009873647631985527,d2h,0.2960277499987569
4.028214231084898,2.131639170786705,-0.5453049353151251,0.24824896160765392,-0.7935538969227791,-0.7935538969227791,-5.551115123125783e-17,2,160,160,0.0010488001579174989,d2h,0.3077828750010667
4.077790467176176,2.157873785117005,-0.5439943372614156,0.24523084450989183,-0.7892251817713074,-0.7892251817713074,-2.7755575615628914e-17,2,160,160,0.0011146702561457568,d2h,0.2998679579995951
4.12797685035596,2.1844312753816992,-0.5426946589740692,0.2422494205396934,-0.7849440795137625,-0.7849440795137628,1.1102230246251565e-16,2,160,160,0.0011851921388744333,d2h,0.2964857499991922
4.178780889856477,2.211315615295351,-0.5414068009644166,0.2393042435958746,-0.7807110445602912,-0.7807110445602912,-8.326672684688674e-17,2,160,160,0.0012605691676795669,d2h,0.2844382500006759
4.23021018732794,2.2385308274780176,-0.540131644552438,0.23639487300078135,-0.7765265175532193,-0.7765265175532194,5.551115123125783e-17,2,160,160,0.0013409893537726478,d2h,0.29394341700026416
4.282272437975968,2.2660809840571434,-0.538870050802188,0.233520873434352,-0.77239092423654,-0.77239092423654,2.7755575615628914e-17,2,160,160,0.0014266246863404875,d2h,0.28977820799991605
4.334975431712996,2.293970207276862,-0.5376228593990119,0.23068181486898134,-0.7683046742679932,-0.7683046742679932,0.0,2,160,160,0.0015176315101000067,d2h,0.29695824999907927
4.388327054323846,2.3222026701147906,-0.5363908874724288,0.22787727250517797,-0.7642681599776068,-0.7642681599776067,-8.326672684688674e-17,2,160,160,0.0016141519336074677,d2h,0.2905977919999714
4.442335288645659,2.3507825969064196,-0.5351749283693089,0.2251068267080019,-0.7602817550773108,-0.7602817550773108,-2.7755575615628914e-17,2,160,160,0.0017163161236599315,d2h,0.29825262499980454
4.4970082157623485,2.3797142639771933,-0.533975750383487,0.22237006294427605,-0.7563458133277631,-0.7563458133277631,0.0,2,160,160,0.0018242452108141304,d2h,0.3034197920005681
4.552354016213734,2.4090020002823556,-0.5327940954489574,0.21966657172056142,-0.7524606671695189,-0.7524606671695188,-5.551115123125783e-17,2,160,160,0.0019380544124827038,d2h,0.29538049999973737
4.608380971219575,2.4386501880546803,-0.5316306778046971,0.21699594852188556,-0.7486266263265826,-0.7486266263265826,2.7755575615628914e-17,2,160,160,0.0020578558882856333,d2h,0.2956226250007603
4.665097463918676,2.468663263460176,-0.5304861826403443,0.2143577937512159,-0.7448439763915602,-0.7448439763915602,0.0,2,160,160,0.002183760788183303,d2h,0.3054565000002185
4.722511980623208,2.4990457172618465,-0.529361264732586,0.21175171266967,-0.741112977402256,-0.741112977402256,-5.551115123125783e-17,2,160,160,0.002315879942664155,d2h,0.31435741700079234
4.780633112088504,2.529802095491636,-0.5282565470827694,0.20917731533745174,-0.7374338624202211,-0.737433862420221,-2.7755575615628914e-17,2,160,160,0.0024543226762264456,d2h,0.3305817920008849
4.839469554798467,2.5609370001306395,-0.5271726195669617,0.20663421655550504,-0.7338068361224668,-0.7338068361224668,0.0,2,160,160,0.0025991932971479803,d2h,0.29673708400150645
4.8990301122667885,2.592455089797676,-0.5261100376099908,0.20412203580787922,-0.73023207341787,-0.73023207341787,-2.7755575615628914e-17,2,160,160,0.0027505849250644256,d2h,0.2957135830001789
4.959323696354197,2.624361080446348,-0.5250693208954642,0.2016403972047925,-0.7267097181002566,-0.7267097181002566,0.0,2,160,160,0.002908570463585532,d2h,0.2913280830016447
5.020359328601917,2.6566597460706767,-0.5240509521239964,0.1991889294263888,-0.7232398815503852,-0.7232398815503851,-5.551115123125783e-17,2,160,160,0.0030731907128565836,d2h,0.28774220800005423
5.0821461415815214,2.6893559194194125,-0.5230553758322529,0.196767265667179,-0.719822641499432,-0.7198226414994319,0.0,2,160,160,0.0032444398571725864,d2h,0.29537750000054075
5.144693380261416,2.72245449271915,-0.5220829972852784,0.19437504358115648,-0.7164580408664349,-0.7164580408664349,8.326672684688674e-17,2,160,160,0.003422248864334978,d2h,0.29500116600138426
5.208010403390145,2.7559604184063384,-0.5211341814549016,0.19201190522758016,-0.7131460866824818,-0.7131460866824818,0.0,2,160,160,0.003606467700047935,d2h,0.2985250420006196
5.272106684896695,2.789878709868294,-0.5202092520966668,0.18967749701741757,-0.7098867491140843,-0.7098867491140843,2.7755575615628914e-17,2,160,160,0.0037968476756799945,d2h,0.2937333749996469
5.336991815308054,2.824214442193336,-0.5193084909376648,0.1873714696604382,-0.706679960598103,-0.7066799605981029,-8.326672684688674e-17,2,160,160,0.003993025666523902,d2h,0.2837830410007882
5.402675503184226,2.8589727529301676,-0.5184321369869398,0.18509347811294988,-0.7035256150998896,-0.7035256150998896,0.0,2,160,160,0.004194512277492545,d2h,0.29375774999971327
5.4691675765708725,2.894158842856578,-0.5175803859797754,0.18284318152617154,-0.7004235675059469,-0.700423567505947,5.551115123125783e-17,2,160,160,0.004400686176616166,d2h,0.30070229199918685
5.5364779844698635,2.929777976757626,-0.5167533899660992,0.180620243195233,-0.6973736331613323,-0.6973736331613323,5.551115123125783e-17,2,160,160,0.00461079663239342,d2h,0.29467229199872236
5.604616798327911,2.96583548421339,-0.5159512570522461,0.17842433050879433,-0.6943755875610405,-0.6943755875610405,2.7755575615628914e-17,2,160,160,0.0048239756757486665,d2h,0.2981309999995574
5.6735942135435415,3.0023367603964237,-0.515174051304017,0.17625511489927875,-0.6914291662032959,-0.6914291662032959,-2.7755575615628914e-17,2,160,160,0.005039260242567729,d2h,0.29506045899870514
5.743420550992578,3.039287266879007,-0.5144217928176202,0.1741122717937101,-0.6885340646113304,-0.6885340646113303,-5.551115123125783e-17,2,160,160,0.005255623255469585,d2h,0.2929178750000574
5.814106258572439,3.076692532450353,-0.5136944579633893,0.17199548056514782,-0.6856899385285371,-0.6856899385285371,-2.7755575615628914e-17,2,160,160,0.0054720111369661205,d2h,0.2936646660000406
5.885661912765423,3.1145581539438636,-0.5129919798054912,0.1699044244847123,-0.6828964042902035,-0.6828964042902035,-5.551115123125783e-17,2,160,160,0.00568738406579384,d2h,0.2949812910010223
5.958098220221226,3.1528897970745597,-0.5123142486991357,0.16783879067419433,-0.6801530393733299,-0.6801530393733299,2.7755575615628914e-17,2,160,160,0.0059007547287422074,d2h,0.2965029160004633
6.031426019358947,3.191693197286829,-0.5116611130650032,0.16579827005923972,-0.6774593831242429,-0.6774593831242429,-2.7755575615628914e-17,2,160,160,0.006111221562602293,d2h,0.2876882500004285
6.10565628198882,3.2309741606126066,-0.5110323803386609,0.16378255732310334,-0.6748149376617643,-0.6748149376617643,-2.7755575615628914e-17,2,160,160,0.006317993472251211,d2h,0.29170558400073787
6.180800114953869,3.2707385645401037,-0.5104278180913898,0.16179135086096594,-0.6722191689523558,-0.6722191689523558,2.7755575615628914e-17,2,160,160,0.006520404479001873,d2h,0.298478917000466
6.256868761791805,3.3109923588932437,-0.509847155316719,0.1598243527348056,-0.6696715080515245,-0.6696715080515245,-2.7755575615628914e-17,2,160,160,0.006717918314603645,d2h,0.2850355410009797
6.333873604417366,3.3517415667219206,-0.5092900838759119,0.15788126862881838,-0.6671713525047303,-0.6671713525047303,-2.7755575615628914e-17,2,160,160,0.006910124275834239,d2h,0.2919985419994191
6.411826164825341,3.392992285203198,-0.508756260093987,0.15596180780538052,-0.6647180678993675,-0.6647180678993676,2.7755575615628914e-17,2,160,160,0.007096726475073603,d2h,0.28814783400048327
6.490738106814582,3.4347506865536173,-0.5082453064967887,0.15406568306154683,-0.6623109895583355,-0.6623109895583355,2.7755575615628914e-17,2,160,160,0.007277528916891243,d2h,0.2893152079996071
6.570621237733227,3.4770230189527322,-0.5077568136783417,0.15219261068607665,-0.6599494243644184,-0.6599494243644183,2.7755575615628914e-17,2,160,160,0.007452418688199616,d2h,0.2913147500003106
6.651487510245377,3.519815607477992,-0.5072903422870843,0.15034231041698365,-0.6576326527040679,-0.6576326527040678,-2.7755575615628914e-17,2,160,160,0.007621349127824525,d2h,0.3209605419997388
6.733349024119551,3.5631348550511506,-0.5068454251184006,0.14851450539960087,-0.6553599305180015,-0.6553599305180015,0.0,2,160,160,0.007784324301889049,d2h,0.28972595800041745
6.816218028039144,3.606987243396322,-0.5064215693004239,0.14670892214515546,-0.6531304914455793,-0.6531304914455793,2.7755575615628914e-17,2,160,160,0.007941385579551936,d2h,0.31531100000029255
6.900106921435136,3.6513793340098064,-0.5060182585591607,0.14492529048984826,-0.650943549049009,-0.650943549049009,0.0,2,160,160,0.008092600655413463,d2h,0.2856577910006308
6.985028256341396,3.696317769141874,-0.505634955548588,0.1431633435544294,-0.6487982991030173,-0.6487982991030175,8.326672684688674e-17,2,160,160,0.008238055031262546,d2h,0.29179008299979614
7.070994739272809,3.741809272790629,-0.5052711042305359,0.1414228177042657,-0.6466939219348016,-0.6466939219348015,-8.326672684688674e-17,2,160,160,0.00837784575108706,d2h,0.28912874999878113
7.158019233126495,3.7878606517080913,-0.5049261322888209,0.13970345250989466,-0.6446295847987156,-0.6446295847987156,-2.7755575615628914e-17,2,160,160,0.00851207706192202,d2h,0.2884496669994405
7.246114759106454,3.834478796418672,-0.5045994535615435,0.13800499070805688,-0.6426044442696004,-0.6426044442696003,2.7755575615628914e-17,2,160,160,0.008640857625737394,d2h,0.33183870899847534
7.335294498671896,3.88167068225019,-0.5042904704749438,0.13632717816320208,-0.6406176486381459,-0.6406176486381459,5.551115123125783e-17,2,160,160,0.008764298910775214,d2h,0.29467604199999187
7.425571795509526,3.929443370377555,-0.5039985764622086,0.1346697638294644,-0.638668340291673,-0.6386683402916731,2.7755575615628914e-17,2,160,160,0.008882514424651697,d2h,0.2901424580013554
7.516960157530127,3.9778040088793163,-0.5037231583503541,0.13303249971309855,-0.6367556580634526,-0.6367556580634526,2.7755575615628914e-17,2,160,160,0.008995619501377821,d2h,0.2908433749998949
7.6094732588897,4.026759833807207,-0.5034635986987515,0.1314151408353737,-0.6348787395341251,-0.6348787395341251,-2.7755575615628914e-17,2,160,160,0.009103731409820485,d2h,0.32674545900044905
7.703124942035506,4.076318170268855,-0.5032192780731111,0.12981744519591754,-0.6330367232690286,-0.6330367232690286,2.7755575615628914e-17,2,160,160,0.009206969604896758,d2h,0.29371229099888296
7.797929219777239,4.126486433523809,-0.5029895772398305,0.12823917373650728,-0.6312287509763378,-0.6312287509763379,5.551115123125783e-17,2,160,160,0.00930545599153781,d2h,0.28573012500055484
7.8939002773837315,4.177272130093062,-0.5027738792665672,0.12668009030529953,-0.6294539695718668,-0.6294539695718668,-2.7755575615628914e-17,2,160,160,0.009399315113166502,d2h,0.278450249999878
7.991052474705468,4.22868285888224,-0.502571571516439,0.12513996162149563,-0.6277115331379347,-0.6277115331379348,8.326672684688674e-17,2,160,160,0.009488674210383052,d2h,0.2896067080000648
8.089400348323178,4.280726312318586,-0.5023820475249252,0.12361855724043701,-0.6260006047653622,-0.6260006047653622,0.0,2,160,160,0.00957366312228091,d2h,0.29453491599997506
8.188958613722908,4.333410277501959,-0.5022047087503994,0.12211564951912422,-0.6243203582695236,-0.6243203582695236,-5.551115123125783e-17,2,160,160,0.009654414023107592,d2h,0.2763825830006681
8.289742167497877,4.3867426373700065,-0.5020389661913571,0.12063101358215507,-0.6226699797735122,-0.622669979773512,-1.3877787807814457e-16,2,160,160,0.009731061001493383,d2h,0.2908393329998944
8.391766089577368,4.4407313718776456,-0.5018842418652898,0.11916442728807788,-0.6210486691533676,-0.6210486691533676,0.0,2,160,160,0.009803739499715561,d2h,0.3010172499998589
8.495045645483115,4.495384559191085,-0.5017399701463501,0.1177156711961528,-0.6194556413425029,-0.619455641342503,5.551115123125783e-17,2,160,160,0.009872585636898096,d2h,0.29343216699999175
8.599596288613442,4.550710376896546,-0.5016055989607955,0.11628452853351738,-0.6178901274943128,-0.6178901274943127,-5.551115123125783e-17,2,160,160,0.009937735444051455,d2h,0.28729775000101654
8.705433662555484,4.606717103223833,-0.501480590840959,0.11487078516275197,-0.6163513760037109,-0.6163513760037109,-5.551115123125783e-17,2,160,160,0.009999324040657943,d2h,0.28695799999877636
8.812573603425898,4.663413118284987,-0.5013644238401058,0.11347422954983875,-0.6148386533899446,-0.6148386533899446,2.7755575615628914e-17,2,160,160,0.010057484783049232,d2h,0.28468645800057857
8.921032142240392,4.720806905328185,-0.5012565923117958,0.11209465273251039,-0.6133512450443062,-0.6133512450443062,0.0,2,160,160,0.010112348414438435,d2h,0.2949730410000484
9.03082550731236,4.7789070520070425,-0.5011566075584458,0.1107318482889841,-0.6118884558474299,-0.6118884558474299,0.0,2,160,160,0.01016404224529552,d2h,0.2883160420005879
9.141970126681091,4.837722251665566,-0.5010639983545317,0.10938561230707511,-0.6104496106616069,-0.6104496106616069,5.551115123125783e-17,2,160,160,0.010212689391234648,d2h,0.2872803339996608
9.254482630569866,4.897261304638926,-0.5009783113506718,0.10805574335368574,-0.6090340547043576,-0.6090340547043576,0.0,2,160,160,0.010258408093663645,d2h,0.28928999999880034
9.36837985387425,4.957533119570198,-0.5008991113647168,0.10674204244466609,-0.6076411538093829,-0.6076411538093828,-5.551115123125783e-17,2,160,160,0.01030131114606703,d2h,0.28364987500026473
9.483678838681058,5.018546714743348,-0.5008259815667309,0.10544431301504037,-0.6062702945817713,-0.6062702945817713,5.551115123125783e-17,2,160,160,0.01034150544634144,d2h,0.2850392500004091
9.600396836818335,5.080311219432618,-0.5007585235643626,0.10416236088959524,-0.6049208844539578,-0.6049208844539578,0.0,2,160,160,0.010379091692380174,d2h,0.27738304199920094
9.71855131243665,5.142835875268495,-0.5006963573952383,0.10289599425382655,-0.6035923516490649,-0.6035923516490648,-5.551115123125783e-17,2,160,160,0.010414164234762905,d2h,0.28567566699894087
9.83815994462223,5.206130037620514,-0.5006391214330167,0.1016450236252383,-0.602284145058255,-0.602284145058255,0.0,2,160,160,0.010446811096442962,d2h,0.2788104579994979
9.95924063004223,5.2702031769970805,-0.500586472213579,0.10040926182499114,-0.6009957340385701,-0.6009957340385701,2.7755575615628914e-17,2,160,160,0.010477114164880794,d2h,0.29153704199961794
10.081811485622534,5.335064880462501,-0.5005380841876785,0.09918852394989526,-0.5997266081375738,-0.5997266081375737,-5.551115123125783e-17,2,160,160,0.010505149557375143,d2h,0.28803399999924295
10.205890851258541,5.400724853071467,-0.5004936494067295,0.09798262734474421,-0.5984762767514736,-0.5984762767514736,-2.7755575615628914e-17,2,160,160,0.01053098815499025,d2h,0.28811333300109254
10.331497292559343,5.46719291932121,-0.5004528771478775,0.09679139157498416,-0.5972442687228616,-0.5972442687228617,1.1102230246251565e-16,2,160,160,0.01055469629538283,d2h,0.2796400419993006
10.458649603625574,5.534479024621483,-0.5004154934851428,0.09561463839971673,-0.5960301318848595,-0.5960301318848595,0.0,2,160,160,0.010576336609198307,d2h,0.27928329200040025
10.587366809861564,5.6025932367826785,-0.5003812408131099,0.09445219174502896,-0.5948334325581388,-0.5948334325581388,0.0,2,160,160,0.010595968979687159,d2h,0.2830959590010025
10.717668170822026,5.6715457475222415,-0.5003498773297377,0.09330387767764804,-0.5936537550073857,-0.5936537550073857,2.7755575615628914e-17,2,160,160,0.010613651600288408,d2h,0.2797388750004757
10.849573183093817,5.741346873989619,-0.5003211764851374,0.09216952437891611,-0.5924907008640535,-0.5924907008640534,-8.326672684688674e-17,2,160,160,0.010629442100764146,d2h,0.2831078340004751
10.983101583213143,5.812007060309992,-0.5002949264027762,0.09104896211908173,-0.5913438885218579,-0.591343888521858,1.1102230246251565e-16,2,160,160,0.010643398709169086,d2h,0.28091441600008693
11.118273350618667,5.883536879146981,-0.5002709292798062,0.0899420232319037,-0.5902129525117099,-0.5902129525117099,-2.7755575615628914e-17,2,160,160,0.010655581414507622,d2h,0.27041245799955504
11.255108710641014,5.955947033284632,-0.5002490007725803,0.08884854208956343,-0.5890975428621437,-0.5890975428621437,0.0,2,160,160,0.010666053093783896,d2h,0.27612233299987565
11.39362813752896,6.029248357228802,-0.5002289693735393,0.08776835507788294,-0.5879973244514223,-0.5879973244514223,0.0,2,160,160,0.010674880567173375,d2h,0.2791599159991165
11.533852357512972,6.103451818828318,-0.5002106757848426,0.08670130057184368,-0.5869119763566862,-0.5869119763566863,2.7755575615628914e-17,2,160,160,0.01068213554609676,d2h,0.2742100830000709
11.675802351906396,6.178568520916053,-0.5001939722938507,0.08564721891140291,-0.5858411912052536,-0.5858411912052535,-5.551115123125783e-17,2,160,160,0.010687895441565199,d2h,0.28912183300053584
11.819499360244833,6.25460970297021,-0.5001787221548132,0.08460595237760439,-0.5847846745324176,-0.5847846745324176,2.7755575615628914e-17,2,160,160,0.01069224400339126,d2h,0.28743895899970084
11.964964883464127,6.331586742796048,-0.5001647989805891,0.08357734516897951,-0.5837421441495686,-0.5837421441495687,5.551115123125783e-17,2,160,160,0.010695271765389426,d2h,0.2865439590004826
12.11222068711753,6.409511158228326,-0.5001520861475202,0.08256124337823474,-0.5827133295257549,-0.5827133295257548,-8.326672684688674e-17,2,160,160,0.01069707627670714,d2h,0.275218542001312
12.261288804632343,6.488394608854642,-0.5001404762159256,0.0815574949692236,-0.5816979711851492,-0.5816979711851492,0.0,2,160,160,0.010697762105306383,d2h,0.26651004099949205
12.412191540606765,6.568248897760058,-0.500129870368131,0.0805659497541975,-0.5806958201223285,-0.5806958201223285,5.551115123125783e-17,2,160,160,0.010697440605534625,d2h,0.27788725000027625
12.564951474147232,6.649085973293137,-0.5001201778653916,0.07958645937133384,-0.5797066372367254,-0.5797066372367254,0.0,2,160,160,0.010696229448416455,d2h,0.2733316249996278
12.719591462246875,6.730917930853748,-0.5001113155244434,0.07861887726253695,-0.5787301927869803,-0.5787301927869802,-8.326672684688674e-17,2,160,160,0.010694251919612686,d2h,0.2753334580011142
12.876134643205521,6.813757014702854,-0.5001032072144445,0.07766305865150921,-0.5777662658659537,-0.5777662658659537,0.0,2,160,160,0.010691635996520982,d2h,0.2795518749990151
13.03460444009185,6.897615619794603,-0.5000957833741664,0.07671886052208832,-0.5768146438962547,-0.5768146438962547,2.7755575615628914e-17,2,160,160,0.010688513222340957,d2h,0.2768847919996915
13.195024564248055,6.982506293630918,-0.5000889805497508,0.0757861415968487,-0.5758751221465995,-0.5758751221465994,-5.551115123125783e-17,2,160,160,0.010685017400884959,d2h,0.28529220900054497
13.357419018837726,7.068441738138956,-0.5000827409527313,0.07486476231596223,-0.5749475032686935,-0.5749475032686935,-2.7755575615628914e-17,2,160,160,0.010681283141470677,d2h,0.28273670800081163
13.521812102437377,7.155434811571659,-0.5000770120382052,0.0739545848163165,-0.5740315968545218,-0.5740315968545218,2.7755575615628914e-17,2,160,160,0.010677444288134951,d2h,0.28167579200089676
13.688228412672148,7.243498530431689,-0.5000717461030021,0.07305547291088672,-0.5731272190138889,-0.573127219013889,8.326672684688674e-17,2,160,160,0.010673632271627655,d2h,0.28037308400053007
13.856692849896273,7.332646071419043,-0.5000668999036858,0.07216729206835855,-0.5722341919720444,-0.5722341919720444,2.7755575615628914e-17,2,160,160,0.0106699744258029,d2h,0.2791757909999433
14.027230620918887,7.422890773402669,-0.5000624342942872,0.07128990939299838,-0.5713523436872856,-0.5713523436872856,0.0,2,160,160,0.01066659231208716,d2h,0.28353154199976416
14.199867242775564,7.514246139416277,-0.5000583138836975,0.07042319360476892,-0.5704815074884664,-0.5704815074884664,0.0,2,160,160,0.010663600096519307,d2h,0.2813227080005163
14.374628546546408,7.606725838678784,-0.500054506712708,0.06956701501968593,-0.5696215217323939,-0.569621521732394,2.7755575615628914e-17,2,160,160,0.010661103023179238,d2h,0.2858879169998545
14.551540681221054,7.700343708639589,-0.5000509839505738,0.068721245530414,-0.5687722294809878,-0.5687722294809877,-8.326672684688674e-17,2,160,160,0.010659196025674821,d2h,0.2817538750005042
14.730630117611275,7.7951137570490285,-0.5000477196111597,0.06788575858709842,-0.5679334781982581,-0.5679334781982581,2.7755575615628914e-17,2,160,160,0.010657962514679204,d2h,0.27229608299967367
14.911923652311716,7.891050164054312,-0.5000446902883458,0.06706042917842966,-0.5671051194667754,-0.5671051194667756,1.1102230246251565e-16,2,160,160,0.010657473374441688,d2h,0.28081537499929254
15.095448411709388,7.988167284321256,-0.5000418749106619,0.06624513381293862,-0.5662870087236005,-0.5662870087236006,5.551115123125783e-17,2,160,160,0.010657786194785676,d2h,0.27146504200027266
15.281231856042487,8.08647964918211,-0.5000392545145773,0.06543975050051881,-0.5654790050150962,-0.5654790050150962,5.551115123125783e-17,2,160,160,0.010658944757638802,d2h,0.27562045800004853
15.469301783509254,8.186001968809883,-0.5000368120362271,0.06464415873417315,-0.5646809707704002,-0.5646809707704002,-5.551115123125783e-17,2,160,160,0.010660978789100222,d2h,0.27228816699971503
15.65968633442723,8.286749134419319,-0.5000345321207128,0.0638582394719834,-0.5638927715926962,-0.5638927715926962,-2.7755575615628914e-17,2,160,160,0.010663903979464161,d2h,0.27661066700056836
15.85241399544387,8.388736220495057,-0.5000324009484483,0.06308187511929787,-0.5631142760677461,-0.5631142760677461,0.0,2,160,160,0.010667722265193788,d2h,0.2673277080011758
16.047513603798897,8.49197848704718,-0.5000304060775093,0.06231494951113621,-0.5623453555886455,-0.5623453555886455,-2.7755575615628914e-17,2,160,160,0.010672422358911336,d2h,0.27110470899970096
16.24501435163913,8.596491381894515,-0.5000285363011991,0.06155734789480807,-0.5615858841960072,-0.5615858841960073,5.551115123125783e-17,2,160,160,0.010677980506179602,d2h,0.266447292000521
16.4449457903864,8.702290542976034,-0.5000267815196139,0.06080895691274295,-0.5608357384323568,-0.5608357384323568,0.0,2,160,160,0.010684361441925352,d2h,0.26988266599983035
16.647337835159274,8.80939180069074,-0.500025132624266,0.06006966458552876,-0.5600947972097947,-0.5600947972097947,0.0,2,160,160,0.01069151951455435,d2h,0.26904087500042806
16.85222076924912,8.917811180266291,-0.5000235813945763,0.05933936029515692,-0.5593629416897332,-0.5593629416897332,0.0,2,160,160,0.010699399942697212,d2h,0.27091529199969955
17.059625248651304,9.027564904156803,-0.5000221204051505,0.058617934768470825,-0.5586400551736213,-0.5586400551736213,0.0,2,160,160,0.010707940167831694,d2h,0.271764750001239
17.26958230665219,9.13866939447019,-0.5000207429427618,0.05790528006081556,-0.5579260230035773,-0.5579260230035772,-8.326672684688674e-17,2,160,160,0.010717071265858505,d2h,0.2765538330004347
17.48212335847251,9.251141275425336,-0.5000194429320601,0.057201289539886555,-0.5572207324719467,-0.5572207324719467,5.551115123125783e-17,2,160,160,0.010726719382035777,d2h,0.26908204199935426
17.69728020596795,9.364997375839522,-0.5000182148690498,0.05650585786977457,-0.5565240727388244,-0.5565240727388244,0.0,2,160,160,0.01073680715587954,d2h,0.270384583998748
17.91508504238754,9.480254731646477,-0.500017053761424,0.055818880995204594,-0.5558359347566286,-0.5558359347566286,0.0,2,160,160,0.010747255106092733,d2h,0.2693834580004477
18.135570457190695,9.59693058844543,-0.5000159550751047,0.05514025612596615,-0.5551562112010708,-0.5551562112010708,2.7755575615628914e-17,2,160,160,0.0107579829495205,d2h,0.26863495799989323
18.358769440923385,9.715042404081473,-0.500014914686215,0.05446988172153347,-0.5544847964077484,-0.5544847964077484,-2.7755575615628914e-17,2,160,160,0.010768910832555805,d2h,0.26582083299945225
18.584715390154454,9.834607851257754,-0.5000139288378977,0.05380765747587212,-0.5538215863137699,-0.5538215863137699,0.0,2,160,160,0.010779960457921636,d2h,0.2701764590001403
18.81344211247264,9.955644820179783,-0.500012994101564,0.05315348430243053,-0.5531664784039945,-0.5531664784039945,0.0,2,160,160,0.010791056094288118,d2h,0.2724284590003663
19.044983831545103,10.078171421232287,-0.5000121073420354,0.052507264319314,-0.5525193716613493,-0.5525193716613492,-5.551115123125783e-17,2,160,160,0.010802125460499206,d2h,0.2688592079994123
19.279375192238174,10.202205987688991,-0.5000112656862579,0.051868900834638944,-0.5518801665208968,-0.5518801665208969,5.551115123125783e-17,2,160,160,0.010813100479980964,d2h,0.28917770799853315
19.516651265801254,10.327767078455834,-0.5000104664952623,0.051238298332065065,-0.5512487648273273,-0.5512487648273274,5.551115123125783e-17,2,160,160,0.010823917904395977,d2h,0.26926483399984136
19.75684755511428,10.454873480847784,-0.5000097073390656,0.05061536245650379,-0.5506250697955694,-0.5506250697955694,2.7755575615628914e-17,2,160,160,0.010834519808575036,d2h,0.26921937500083004
20.0,10.5835442134,-0.5000089859743404,0.05,-0.5500089859743404,-0.5500089859743404,0.0,2,160,160,0.01084485396106069,d2h,0.26647837500058813
