nm,benzene_b3lyp,benzene_camb3lyp,aniline_b3lyp,aniline_camb3lyp,nitrobenzene_b3lyp,nitrobenzene_camb3lyp,pNA_b3lyp,pNA_camb3lyp
200,0.0165,0.0004961,2036,204.7,7975,1533,5998,2389
200.5,0.009199,0.0002597,1668,234.1,7521,1213,5909,1997
201,0.005087,0.0001349,1363,273.3,7120,957,5816,1660
201.5,0.002792,6.958e-05,1110,321.6,6767,753.5,5709,1374
202,0.00152,3.562e-05,902.1,378.8,6455,592.8,5580,1134
202.5,0.0008219,1.811e-05,732.8,444.6,6176,466.5,5425,935.9
203,0.0004411,9.142e-06,596.4,518.7,5921,367.7,5242,773.5
203.5,0.0002351,4.583e-06,488.3,600.9,5682,290.4,5029,642.9
204,0.0001244,2.282e-06,404.9,691.3,5451,230.1,4788,539.9
204.5,6.536e-05,1.129e-06,343.1,789.6,5223,182.9,4524,460.9
205,3.411e-05,5.55e-07,300.7,895.8,4993,146,4239,402.9
205.5,1.769e-05,2.711e-07,276.2,1010,4756,116.9,3940,363.5
206,9.109e-06,1.316e-07,268.4,1133,4511,93.84,3632,341.1
206.5,4.662e-06,6.346e-08,276.8,1264,4257,75.54,3320,334.5
207,2.371e-06,3.043e-08,301.3,1404,3995,60.91,3011,343.1
207.5,1.198e-06,1.45e-08,342.2,1555,3727,49.15,2709,366.9
208,6.02e-07,6.873e-09,399.9,1717,3455,39.65,2419,406.2
208.5,3.006e-07,3.239e-09,475.4,1891,3181,31.96,2145,461.9
209,1.492e-07,1.518e-09,569.4,2080,2909,25.71,1889,534.9
209.5,7.367e-08,7.073e-10,682.9,2285,2642,20.64,1653,626.3
210,3.616e-08,3.278e-10,816.7,2507,2383,16.53,1440,737.3
210.5,1.765e-08,1.512e-10,971.5,2749,2134,13.21,1249,869.2
211,8.568e-09,6.934e-11,1148,3011,1898,10.57,1080,1023
211.5,4.137e-09,3.165e-11,1346,3295,1676,8.482,932.6,1199
212,1.987e-09,1.437e-11,1565,3600,1470,6.889,806,1398
212.5,9.497e-10,6.495e-12,1805,3927,1281,5.734,698.6,1619
213,4.516e-10,2.921e-12,2064,4275,1108,4.99,608.7,1862
213.5,2.137e-10,1.308e-12,2340,4642,953.1,4.655,534.4,2126
214,1.006e-10,5.827e-13,2631,5025,814.4,4.755,473.9,2407
214.5,4.714e-11,2.585e-13,2935,5419,691.5,5.347,425.2,2704
215,2.199e-11,1.142e-13,3247,5821,583.5,6.53,386.6,3014
215.5,1.021e-11,5.02e-14,3564,6224,489.6,8.446,356.3,3331
216,4.719e-12,2.198e-14,3883,6623,408.3,11.3,332.8,3651
216.5,2.171e-12,9.586e-15,4199,7010,338.7,15.35,314.5,3970
217,9.949e-13,4.163e-15,4508,7378,279.4,20.96,300.3,4282
217.5,4.539e-13,1.801e-15,4807,7720,229.2,28.58,288.9,4582
218,2.063e-13,7.759e-16,5091,8029,187.1,38.76,279.6,4863
218.5,9.333e-14,3.33e-16,5359,8299,151.9,52.21,271.4,5122
219,4.207e-14,1.424e-16,5606,8523,122.8,69.79,263.9,5352
219.5,1.889e-14,6.067e-17,5832,8696,98.75,92.52,256.5,5549
220,8.446e-15,2.576e-17,6034,8814,79.05,121.6,248.9,5710
220.5,3.763e-15,1.09e-17,6212,8875,63,158.5,241,5832
221,1.671e-15,4.593e-18,6365,8877,49.98,204.9,232.5,5913
221.5,7.389e-16,1.93e-18,6495,8820,39.49,262.6,223.5,5951
222,3.257e-16,8.081e-19,6601,8705,31.06,333.8,214.1,5946
222.5,1.43e-16,3.373e-19,6686,8534,24.34,420.8,204.3,5898
223,6.262e-17,1.403e-19,6750,8312,19,526.2,194.4,5810
223.5,2.732e-17,5.822e-20,6796,8042,14.78,652.7,184.6,5684
224,1.188e-17,2.408e-20,6825,7730,11.46,803.4,175.1,5523
224.5,5.15e-18,9.927e-21,6839,7382,8.862,981,166.4,5330
225,2.225e-18,4.081e-21,6840,7004,6.85,1189,158.6,5109
225.5,9.588e-19,1.673e-21,6830,6603,5.306,1430,152.2,4866
226,4.118e-19,6.841e-22,6809,6186,4.14,1706,147.7,4604
226.5,1.764e-19,2.789e-22,6778,5760,3.283,2022,145.3,4328
227,7.532e-20,1.134e-22,6739,5330,2.685,2377,145.7,4043
227.5,3.208e-20,4.6e-23,6690,4902,2.313,2776,149.2,3754
228,1.362e-20,1.861e-23,6631,4481,2.149,3218,156.4,3463
228.5,5.771e-21,7.512e-24,6564,4073,2.19,3704,167.9,3176
229,2.438e-21,3.024e-24,6486,3680,2.449,4234,184.2,2896
229.5,1.027e-21,1.215e-24,6397,3306,2.955,4807,206,2624
230,4.318e-22,4.869e-25,6297,2954,3.755,5420,233.9,2365
230.5,1.811e-22,1.947e-25,6184,2626,4.918,6070,268.6,2118
231,7.573e-23,7.767e-26,6058,2322,6.537,6753,310.7,1887
231.5,3.161e-23,3.093e-26,5919,2043,8.732,7465,360.9,1672
232,1.316e-23,1.229e-26,5766,1790,11.66,8198,419.8,1473
232.5,5.468e-24,4.872e-27,5599,1562,15.51,8946,488.1,1290
233,2.267e-24,1.928e-27,5420,1359,20.53,9702,566.3,1125
233.5,9.377e-25,7.615e-28,5228,1179,27.02,1.046e+04,654.8,975.5
234,3.871e-25,3.002e-28,5024,1023,35.32,1.12e+04,753.9,841.6
234.5,1.595e-25,1.181e-28,4810,888.2,45.88,1.192e+04,864.1,722.7
235,6.557e-26,4.641e-29,4587,774.1,59.19,1.262e+04,985.2,617.6
235.5,2.691e-26,1.82e-29,4357,679.2,75.85,1.328e+04,1117,525.6
236,1.102e-26,7.125e-30,4121,602.5,96.56,1.389e+04,1260,445.5
236.5,4.507e-27,2.785e-30,3882,542.6,122.1,1.444e+04,1413,376.3
237,1.84e-27,1.087e-30,3641,498.5,153.4,1.494e+04,1576,317
237.5,7.496e-28,4.234e-31,3400,469.2,191.5,1.536e+04,1747,266.6
238,3.049e-28,1.647e-31,3162,453.8,237.6,1.572e+04,1926,224.2
238.5,1.238e-28,6.4e-32,2928,451.5,292.9,1.599e+04,2111,189
239,5.021e-29,2.483e-32,2700,461.6,358.7,1.618e+04,2301,160
239.5,2.032e-29,9.618e-33,2480,483.4,436.7,1.629e+04,2494,136.6
240,8.215e-30,3.721e-33,2268,516.5,528.5,1.632e+04,2688,118.2
240.5,3.316e-30,1.438e-33,2067,560.2,635.6,1.627e+04,2881,104.1
241,1.336e-30,5.549e-34,1877,614.2,759.9,1.613e+04,3071,93.87
241.5,5.379e-31,2.139e-34,1699,678,903.3,1.592e+04,3257,87.11
242,2.162e-31,8.235e-35,1533,751.1,1067,1.564e+04,3435,83.42
242.5,8.68e-32,3.167e-35,1381,833.1,1254,1.53e+04,3603,82.52
243,3.48e-32,1.217e-35,1242,923.4,1465,1.489e+04,3761,84.14
243.5,1.393e-32,4.669e-36,1116,1021,1702,1.443e+04,3905,88.07
244,5.573e-33,1.79e-36,1004,1127,1966,1.393e+04,4034,94.15
244.5,2.226e-33,6.855e-37,906.1,1238,2259,1.339e+04,4146,102.2
245,8.884e-34,2.623e-37,821.1,1355,2582,1.282e+04,4240,112.3
245.5,3.542e-34,1.003e-37,749.3,1477,2935,1.223e+04,4316,124.1
246,1.41e-34,3.83e-38,690.2,1602,3318,1.163e+04,4371,137.6
246.5,5.61e-35,1.462e-38,643.6,1730,3732,1.101e+04,4406,152.9
247,2.23e-35,5.573e-39,609.1,1860,4176,1.04e+04,4420,169.9
247.5,8.852e-36,2.124e-39,586.3,1990,4649,9791,4414,188.5
248,3.512e-36,8.085e-40,574.8,2118,5149,9191,4387,208.7
248.5,1.392e-36,3.076e-40,574.2,2244,5674,8607,4341,230.5
249,5.512e-37,1.17e-40,584.2,2367,6223,8040,4276,254.1
249.5,2.181e-37,4.445e-41,604.3,2485,6791,7496,4193,279.3
250,8.624e-38,1.688e-41,634.1,2596,7375,6976,4094,306.3
250.5,3.407e-38,6.406e-42,673.2,2700,7971,6483,3979,335.2
251,1.345e-38,2.43e-42,721.2,2796,8576,6017,3852,366.1
251.5,5.308e-39,9.213e-43,777.5,2881,9183,5579,3713,399.2
252,2.093e-39,3.491e-43,841.7,2957,9787,5170,3563,434.8
252.5,8.247e-40,1.322e-43,913.2,3021,1.038e+04,4789,3406,473.2
253,3.248e-40,5.006e-44,991.5,3073,1.097e+04,4435,3243,514.9
253.5,1.278e-40,1.895e-44,1076,3112,1.153e+04,4108,3075,560.2
254,5.029e-41,7.168e-45,1166,3138,1.208e+04,3806,2904,609.9
254.5,1.977e-41,2.711e-45,1261,3152,1.259e+04,3527,2732,664.7
255,7.77e-42,1.025e-45,1360,3152,1.307e+04,3272,2561,725.3
255.5,3.052e-42,3.873e-46,1462,3140,1.351e+04,3037,2391,792.8
256,1.199e-42,1.463e-46,1566,3115,1.39e+04,2821,2224,868.2
256.5,4.704e-43,5.527e-47,1672,3077,1.425e+04,2622,2061,952.9
257,1.846e-43,2.087e-47,1778,3029,1.454e+04,2440,1904,1048
257.5,7.239e-44,7.882e-48,1884,2969,1.479e+04,2272,1752,1156
258,2.838e-44,2.976e-48,1989,2899,1.497e+04,2116,1607,1277
258.5,1.113e-44,1.123e-48,2091,2820,1.511e+04,1973,1469,1414
259,4.36e-45,4.239e-49,2190,2733,1.518e+04,1839,1339,1569
259.5,1.708e-45,1.6e-49,2285,2638,1.519e+04,1716,1216,1743
260,6.69e-46,6.036e-50,2374,2538,1.515e+04,1600,1102,1939
260.5,2.62e-46,2.277e-50,2458,2432,1.505e+04,1492,995.5,2160
261,1.026e-46,8.593e-51,2534,2323,1.49e+04,1391,897,2406
261.5,4.016e-47,3.242e-51,2604,2210,1.469e+04,1296,806.3,2681
262,1.572e-47,1.223e-51,2664,2096,1.444e+04,1206,723.2,2987
262.5,6.152e-48,4.616e-52,2716,1980,1.414e+04,1122,647.5,3326
263,2.408e-48,1.742e-52,2759,1865,1.38e+04,1042,578.9,3699
263.5,9.421e-49,6.572e-53,2792,1750,1.343e+04,967.3,516.9,4110
264,3.686e-49,2.48e-53,2816,1637,1.302e+04,896.4,461.2,4558
264.5,1.442e-49,9.361e-54,2829,1526,1.258e+04,829.4,411.4,5047
265,5.644e-50,3.534e-54,2832,1418,1.212e+04,766.1,367.2,5577
265.5,2.208e-50,1.334e-54,2826,1313,1.164e+04,706.5,328,6148
266,8.642e-51,5.038e-55,2809,1212,1.115e+04,650.4,293.6,6761
266.5,3.382e-51,1.903e-55,2783,1116,1.064e+04,597.7,263.4,7417
267,1.323e-51,7.187e-56,2748,1023,1.013e+04,548.3,237.1,8114
267.5,5.18e-52,2.715e-56,2705,935.9,9622,502,214.4,8851
268,2.028e-52,1.026e-56,2653,853.3,9114,458.8,194.9,9628
268.5,7.937e-53,3.879e-57,2593,775.7,8612,418.5,178.3,1.044e+04
269,3.108e-53,1.467e-57,2527,703,8119,381.1,164.3,1.129e+04
269.5,1.217e-53,5.548e-58,2454,635.2,7638,346.4,152.7,1.217e+04
270,4.767e-54,2.099e-58,2376,572.4,7171,314.4,143.2,1.307e+04
270.5,1.867e-54,7.945e-59,2293,514.2,6722,284.8,135.6,1.4e+04
271,7.317e-55,3.008e-59,2207,460.7,6290,257.7,129.7,1.495e+04
271.5,2.868e-55,1.139e-59,2116,411.5,5879,232.9,125.5,1.591e+04
272,1.124e-55,4.316e-60,2024,366.6,5488,210.1,122.8,1.688e+04
272.5,4.408e-56,1.636e-60,1930,325.7,5119,189.4,121.5,1.786e+04
273,1.729e-56,6.204e-61,1834,288.6,4773,170.6,121.7,1.883e+04
273.5,6.784e-57,2.353e-61,1738,255,4448,153.6,123.3,1.978e+04
274,2.662e-57,8.931e-62,1643,224.7,4146,138.2,126.4,2.073e+04
274.5,1.045e-57,3.391e-62,1548,197.5,3865,124.3,131.1,2.165e+04
275,4.105e-58,1.288e-62,1455,173.2,3606,111.7,137.5,2.254e+04
275.5,1.613e-58,4.895e-63,1363,151.4,3367,100.5,145.7,2.339e+04
276,6.338e-59,1.861e-63,1274,132.1,3148,90.44,155.9,2.42e+04
276.5,2.492e-59,7.08e-64,1187,114.9,2948,81.43,168.5,2.496e+04
277,9.802e-60,2.695e-64,1103,99.74,2765,73.38,183.8,2.567e+04
277.5,3.857e-60,1.026e-64,1022,86.36,2599,66.2,202,2.632e+04
278,1.518e-60,3.91e-65,944.9,74.59,2448,59.8,223.5,2.691e+04
278.5,5.98e-61,1.491e-65,871.1,64.27,2312,54.09,248.9,2.743e+04
279,2.356e-61,5.686e-66,801.1,55.25,2189,49.01,278.6,2.788e+04
279.5,9.288e-62,2.17e-66,734.7,47.39,2077,44.49,313.2,2.825e+04
280,3.663e-62,8.288e-67,672.2,40.55,1976,40.45,353.3,2.855e+04
280.5,1.445e-62,3.167e-67,613.4,34.62,1885,36.86,399.5,2.876e+04
281,5.706e-63,1.211e-67,558.4,29.49,1801,33.65,452.6,2.89e+04
281.5,2.254e-63,4.634e-68,507.1,25.06,1726,30.77,513.4,2.896e+04
282,8.906e-64,1.774e-68,459.4,21.26,1657,28.2,582.6,2.894e+04
282.5,3.521e-64,6.796e-69,415.1,17.99,1593,25.89,661.1,2.883e+04
283,1.393e-64,2.605e-69,374.3,15.19,1534,23.8,749.9,2.866e+04
283.5,5.515e-65,9.995e-70,336.7,12.8,1479,21.92,849.9,2.84e+04
284,2.184e-65,3.837e-70,302.1,10.76,1428,20.21,962.1,2.808e+04
284.5,8.656e-66,1.474e-70,270.5,9.034,1379,18.66,1088,2.768e+04
285,3.433e-66,5.666e-71,241.6,7.565,1333,17.24,1227,2.722e+04
285.5,1.362e-66,2.18e-71,215.4,6.323,1289,15.95,1382,2.67e+04
286,5.407e-67,8.391e-72,191.5,5.274,1245,14.76,1554,2.612e+04
286.5,2.148e-67,3.233e-72,170,4.391,1204,13.66,1743,2.549e+04
287,8.54e-68,1.246e-72,150.5,3.648,1162,12.64,1950,2.482e+04
287.5,3.397e-68,4.809e-73,133,3.026,1122,11.71,2177,2.41e+04
288,1.352e-68,1.857e-73,117.3,2.504,1082,10.83,2424,2.335e+04
288.5,5.386e-69,7.176e-74,103.2,2.069,1042,10.02,2693,2.256e+04
289,2.147e-69,2.775e-74,90.61,1.706,1003,9.268,2984,2.175e+04
289.5,8.563e-70,1.074e-74,79.4,1.405,964.2,8.564,3297,2.092e+04
290,3.418e-70,4.16e-75,69.44,1.154,925.5,7.906,3635,2.008e+04
290.5,1.365e-70,1.613e-75,60.6,0.9467,887,7.292,3997,1.922e+04
291,5.456e-71,6.257e-76,52.79,0.7751,848.8,6.719,4383,1.836e+04
291.5,2.183e-71,2.43e-76,45.9,0.6335,811,6.183,4794,1.75e+04
292,8.737e-72,9.443e-77,39.82,0.5169,773.5,5.684,5230,1.664e+04
292.5,3.5e-72,3.673e-77,34.49,0.4211,736.6,5.217,5691,1.578e+04
293,1.403e-72,1.43e-77,29.81,0.3424,700.1,4.783,6177,1.494e+04
293.5,5.629e-73,5.571e-78,25.72,0.278,664.3,4.378,6687,1.412e+04
294,2.26e-73,2.172e-78,22.15,0.2254,629.2,4.001,7221,1.331e+04
294.5,9.081e-74,8.478e-79,19.05,0.1824,594.8,3.652,7777,1.252e+04
295,3.652e-74,3.312e-79,16.34,0.1473,561.3,3.327,8356,1.175e+04
295.5,1.47e-74,1.295e-79,14,0.1189,528.6,3.027,8955,1.1e+04
296,5.919e-75,5.068e-80,11.97,0.09574,497,2.749,9573,1.029e+04
296.5,2.386e-75,1.985e-80,10.22,0.07699,466.3,2.493,1.021e+04,9597
297,9.625e-76,7.782e-81,8.708,0.06182,436.8,2.257,1.086e+04,8935
297.5,3.886e-76,3.054e-81,7.408,0.04957,408.3,2.039,1.152e+04,8302
298,1.57e-76,1.199e-81,6.292,0.03969,381,1.84,1.22e+04,7698
298.5,6.35e-77,4.715e-82,5.335,0.03173,354.8,1.657,1.289e+04,7125
299,2.57e-77,1.855e-82,4.516,0.02533,329.9,1.49,1.358e+04,6582
299.5,1.041e-77,7.308e-83,3.817,0.02019,306.1,1.338,1.427e+04,6068
300,4.222e-78,2.881e-83,3.22,0.01607,283.5,1.199,1.497e+04,5584
300.5,1.713e-78,1.137e-83,2.713,0.01278,262.1,1.073,1.566e+04,5129
301,6.958e-79,4.491e-84,2.282,0.01014,241.9,0.9585,1.635e+04,4702
301.5,2.828e-79,1.776e-84,1.917,0.008041,222.8,0.8548,1.703e+04,4303
302,1.151e-79,7.027e-85,1.607,0.006366,204.9,0.761,1.77e+04,3931
302.5,4.686e-80,2.784e-85,1.346,0.005034,188.1,0.6765,1.836e+04,3585
303,1.91e-80,1.104e-85,1.125,0.003975,172.3,0.6003,1.9e+04,3263
303.5,7.791e-81,4.382e-86,0.9393,0.003135,157.6,0.5319,1.962e+04,2965
304,3.181e-81,1.741e-86,0.783,0.002469,144,0.4705,2.021e+04,2689
304.5,1.3e-81,6.924e-87,0.6518,0.001942,131.2,0.4155,2.078e+04,2435
305,5.318e-82,2.757e-87,0.5418,0.001526,119.4,0.3664,2.132e+04,2202
305.5,2.178e-82,1.099e-87,0.4497,0.001198,108.5,0.3226,2.182e+04,1987
306,8.924e-83,4.383e-88,0.3728,0.0009387,98.41,0.2836,2.23e+04,1790
306.5,3.66e-83,1.75e-88,0.3086,0.0007349,89.11,0.2489,2.273e+04,1610
307,1.503e-83,6.996e-89,0.2551,0.0005747,80.56,0.2182,2.313e+04,1446
307.5,6.176e-84,2.799e-89,0.2106,0.0004488,72.71,0.1909,2.349e+04,1297
308,2.541e-84,1.121e-89,0.1737,0.0003502,65.52,0.1668,2.381e+04,1161
308.5,1.046e-84,4.496e-90,0.143,0.0002729,58.95,0.1455,2.408e+04,1037
309,4.311e-85,1.805e-90,0.1176,0.0002124,52.96,0.1268,2.431e+04,925.8
309.5,1.779e-85,7.252e-91,0.09657,0.0001652,47.5,0.1103,2.449e+04,824.9
310,7.344e-86,2.917e-91,0.07922,0.0001283,42.54,0.09582,2.463e+04,733.9
310.5,3.036e-86,1.175e-91,0.0649,9.954e-05,38.04,0.08312,2.472e+04,652
311,1.256e-86,4.735e-92,0.0531,7.715e-05,33.96,0.072,2.476e+04,578.3
311.5,5.201e-87,1.91e-92,0.0434,5.974e-05,30.28,0.06229,2.476e+04,512.2
312,2.156e-87,7.717e-93,0.03543,4.621e-05,26.95,0.05381,2.472e+04,453
312.5,8.947e-88,3.121e-93,0.02888,3.57e-05,23.96,0.04642,2.462e+04,400.1
313,3.716e-88,1.263e-93,0.02352,2.756e-05,21.27,0.03999,2.449e+04,352.8
313.5,1.545e-88,5.119e-94,0.01913,2.125e-05,18.85,0.03441,2.431e+04,310.7
314,6.431e-89,2.077e-94,0.01555,1.637e-05,16.69,0.02957,2.409e+04,273.3
314.5,2.679e-89,8.434e-95,0.01262,1.26e-05,14.75,0.02537,2.383e+04,240
315,1.117e-89,3.429e-95,0.01023,9.691e-06,13.02,0.02175,2.353e+04,210.5
315.5,4.664e-90,1.396e-95,0.008282,7.445e-06,11.48,0.01861,2.32e+04,184.3
316,1.949e-90,5.687e-96,0.0067,5.715e-06,10.1,0.01591,2.283e+04,161.2
316.5,8.152e-91,2.32e-96,0.005414,4.382e-06,8.881,0.01359,2.243e+04,140.8
317,3.413e-91,9.472e-97,0.00437,3.358e-06,7.798,0.01159,2.2e+04,122.9
317.5,1.431e-91,3.872e-97,0.003524,2.57e-06,6.837,0.009868,2.154e+04,107
318,6.003e-92,1.585e-97,0.002838,1.966e-06,5.987,0.008395,2.105e+04,93.15
318.5,2.521e-92,6.492e-98,0.002284,1.502e-06,5.236,0.007133,2.055e+04,80.95
319,1.06e-92,2.663e-98,0.001836,1.147e-06,4.574,0.006054,2.002e+04,70.26
319.5,4.461e-93,1.093e-98,0.001474,8.75e-07,3.99,0.005132,1.948e+04,60.91
320,1.88e-93,4.494e-99,0.001183,6.669e-07,3.476,0.004346,1.892e+04,52.74
320.5,7.928e-94,1.85e-99,0.0009482,5.08e-07,3.025,0.003675,1.835e+04,45.61
321,3.347e-94,7.62e-100,0.0007592,3.866e-07,2.63,0.003105,1.777e+04,39.39
321.5,1.415e-94,3.143e-100,0.0006074,2.94e-07,2.283,0.00262,1.718e+04,33.99
322,5.985e-95,1.298e-100,0.0004854,2.234e-07,1.979,0.002209,1.658e+04,29.29
322.5,2.535e-95,5.365e-101,0.0003876,1.696e-07,1.714,0.00186,1.598e+04,25.21
323,1.075e-95,2.22e-101,0.0003093,1.287e-07,1.483,0.001565,1.538e+04,21.67
323.5,4.561e-96,9.198e-102,0.0002465,9.755e-08,1.282,0.001315,1.478e+04,18.61
324,1.938e-96,3.815e-102,0.0001963,7.39e-08,1.106,0.001103,1.419e+04,15.97
324.5,8.242e-97,1.584e-102,0.0001562,5.595e-08,0.9538,0.0009253,1.359e+04,13.68
325,3.509e-97,6.587e-103,0.0001242,4.232e-08,0.8214,0.0007751,1.301e+04,11.71
325.5,1.496e-97,2.741e-103,9.863e-05,3.2e-08,0.7066,0.0006486,1.243e+04,10.01
326,6.382e-98,1.142e-103,7.828e-05,2.417e-08,0.6073,0.0005422,1.186e+04,8.552
326.5,2.726e-98,4.765e-104,6.207e-05,1.825e-08,0.5213,0.0004528,1.13e+04,7.297
327,1.166e-98,1.99e-104,4.918e-05,1.377e-08,0.447,0.0003778,1.075e+04,6.219
327.5,4.989e-99,8.321e-105,3.894e-05,1.038e-08,0.3829,0.0003149,1.022e+04,5.296
328,2.138e-99,3.483e-105,3.08e-05,7.82e-09,0.3277,0.0002622,9693,4.504
328.5,9.172e-100,1.46e-105,2.435e-05,5.888e-09,0.2801,0.0002182,9186,3.827
329,3.939e-100,6.124e-106,1.923e-05,4.431e-09,0.2392,0.0001813,8693,3.249
329.5,1.693e-100,2.572e-106,1.518e-05,3.332e-09,0.2041,0.0001506,8216,2.755
330,7.288e-101,1.082e-106,1.197e-05,2.504e-09,0.174,0.0001249,7756,2.334
330.5,3.14e-101,4.554e-107,9.431e-06,1.881e-09,0.1481,0.0001035,7311,1.976
331,1.354e-101,1.92e-107,7.427e-06,1.412e-09,0.126,8.575e-05,6884,1.671
331.5,5.847e-102,8.101e-108,5.844e-06,1.059e-09,0.1071,7.095e-05,6473,1.411
332,2.528e-102,3.422e-108,4.595e-06,7.943e-10,0.09092,5.866e-05,6079,1.191
332.5,1.094e-102,1.448e-108,3.611e-06,5.952e-10,0.07712,4.845e-05,5701,1.004
333,4.738e-103,6.13e-109,2.835e-06,4.458e-10,0.06536,3.999e-05,5341,0.8462
333.5,2.055e-103,2.599e-109,2.225e-06,3.337e-10,0.05534,3.298e-05,4998,0.7123
334,8.921e-104,1.103e-109,1.744e-06,2.497e-10,0.04681,2.717e-05,4670,0.599
334.5,3.877e-104,4.688e-110,1.367e-06,1.867e-10,0.03957,2.237e-05,4360,0.5033
335,1.687e-104,1.994e-110,1.071e-06,1.395e-10,0.03341,1.84e-05,4065,0.4225
335.5,7.349e-105,8.495e-111,8.378e-07,1.042e-10,0.02819,1.512e-05,3785,0.3544
336,3.205e-105,3.622e-111,6.552e-07,7.781e-11,0.02376,1.242e-05,3521,0.297
336.5,1.399e-105,1.547e-111,5.121e-07,5.807e-11,0.02001,1.019e-05,3271,0.2487
337,6.114e-106,6.611e-112,4e-07,4.331e-11,0.01684,8.359e-06,3036,0.2081
337.5,2.675e-106,2.829e-112,3.123e-07,3.229e-11,0.01416,6.849e-06,2814,0.174
338,1.172e-106,1.212e-112,2.436e-07,2.406e-11,0.0119,5.608e-06,2606,0.1453
338.5,5.137e-107,5.199e-113,1.899e-07,1.792e-11,0.009989,4.589e-06,2410,0.1213
339,2.255e-107,2.233e-113,1.48e-07,1.334e-11,0.008379,3.752e-06,2227,0.1012
339.5,9.91e-108,9.6e-114,1.153e-07,9.929e-12,0.007023,3.065e-06,2055,0.08429
340,4.36e-108,4.132e-114,8.972e-08,7.386e-12,0.005882,2.502e-06,1895,0.07019
340.5,1.92e-108,1.781e-114,6.979e-08,5.491e-12,0.004922,2.042e-06,1745,0.0584
341,8.467e-109,7.684e-115,5.426e-08,4.081e-12,0.004116,1.664e-06,1605,0.04856
341.5,3.738e-109,3.319e-115,4.216e-08,3.032e-12,0.003439,1.356e-06,1475,0.04034
342,1.652e-109,1.436e-115,3.274e-08,2.251e-12,0.002871,1.104e-06,1355,0.03349
342.5,7.307e-110,6.216e-116,2.542e-08,1.671e-12,0.002396,8.983e-07,1242,0.02779
343,3.236e-110,2.695e-116,1.972e-08,1.24e-12,0.001997,7.304e-07,1138,0.02303
343.5,1.435e-110,1.17e-116,1.529e-08,9.197e-13,0.001664,5.935e-07,1042,0.01908
344,6.37e-111,5.082e-117,1.185e-08,6.819e-13,0.001385,4.819e-07,952.7,0.0158
344.5,2.831e-111,2.211e-117,9.178e-09,5.054e-13,0.001153,3.911e-07,870.3,0.01307
345,1.259e-111,9.63e-118,7.106e-09,3.744e-13,0.0009582,3.172e-07,794.2,0.0108
345.5,5.608e-112,4.199e-118,5.499e-09,2.773e-13,0.000796,2.571e-07,724.1,0.008925
346,2.501e-112,1.833e-118,4.254e-09,2.053e-13,0.0006609,2.082e-07,659.6,0.007369
346.5,1.116e-112,8.013e-119,3.289e-09,1.52e-13,0.0005483,1.686e-07,600.3,0.006079
347,4.988e-113,3.507e-119,2.541e-09,1.124e-13,0.0004546,1.364e-07,545.7,0.005013
347.5,2.232e-113,1.536e-119,1.963e-09,8.315e-14,0.0003767,1.103e-07,495.7,0.00413
348,9.995e-114,6.74e-120,1.516e-09,6.148e-14,0.0003119,8.91e-08,449.9,0.003401
348.5,4.482e-114,2.96e-120,1.17e-09,4.544e-14,0.0002581,7.196e-08,407.9,0.002799
349,2.012e-114,1.301e-120,9.022e-10,3.358e-14,0.0002135,5.808e-08,369.5,0.002302
349.5,9.04e-115,5.729e-121,6.956e-10,2.48e-14,0.0001764,4.686e-08,334.4,0.001892
350,4.067e-115,2.525e-121,5.362e-10,1.831e-14,0.0001457,3.778e-08,302.4,0.001554
350.5,1.832e-115,1.114e-121,4.131e-10,1.352e-14,0.0001203,3.044e-08,273.2,0.001276
351,8.26e-116,4.922e-122,3.181e-10,9.979e-15,9.924e-05,2.452e-08,246.6,0.001047
351.5,3.728e-116,2.177e-122,2.449e-10,7.362e-15,8.182e-05,1.974e-08,222.4,0.0008584
352,1.685e-116,9.639e-123,1.884e-10,5.431e-15,6.742e-05,1.588e-08,200.5,0.0007034
352.5,7.623e-117,4.273e-123,1.449e-10,4.005e-15,5.552e-05,1.277e-08,180.5,0.0005762
353,3.453e-117,1.897e-123,1.114e-10,2.952e-15,4.57e-05,1.026e-08,162.4,0.0004716
353.5,1.566e-117,8.429e-124,8.566e-11,2.176e-15,3.759e-05,8.245e-09,146,0.0003859
354,7.107e-118,3.75e-124,6.581e-11,1.603e-15,3.091e-05,6.62e-09,131.1,0.0003155
354.5,3.23e-118,1.67e-124,5.055e-11,1.181e-15,2.54e-05,5.313e-09,117.7,0.0002579
355,1.469e-118,7.449e-125,3.881e-11,8.699e-16,2.086e-05,4.262e-09,105.5,0.0002106
355.5,6.693e-119,3.326e-125,2.978e-11,6.406e-16,1.712e-05,3.417e-09,94.56,0.0001719
356,3.052e-119,1.487e-125,2.285e-11,4.716e-16,1.404e-05,2.739e-09,84.66,0.0001403
356.5,1.393e-119,6.654e-126,1.753e-11,3.471e-16,1.152e-05,2.194e-09,75.75,0.0001144
357,6.367e-120,2.981e-126,1.344e-11,2.554e-16,9.437e-06,1.756e-09,67.72,9.327e-05
357.5,2.913e-120,1.337e-126,1.03e-11,1.879e-16,7.73e-06,1.406e-09,60.49,7.599e-05
358,1.334e-120,6.006e-127,7.892e-12,1.382e-16,6.328e-06,1.124e-09,54,6.188e-05
358.5,6.118e-121,2.701e-127,6.045e-12,1.016e-16,5.179e-06,8.992e-10,48.17,5.037e-05
359,2.809e-121,1.216e-127,4.629e-12,7.472e-17,4.236e-06,7.187e-10,42.93,4.098e-05
359.5,1.291e-121,5.479e-128,3.544e-12,5.492e-17,3.463e-06,5.742e-10,38.24,3.332e-05
360,5.939e-122,2.472e-128,2.712e-12,4.037e-17,2.829e-06,4.585e-10,34.03,2.708e-05
360.5,2.735e-122,1.117e-128,2.075e-12,2.966e-17,2.311e-06,3.66e-10,30.27,2.2e-05
361,1.261e-122,5.052e-129,1.587e-12,2.179e-17,1.886e-06,2.921e-10,26.9,1.787e-05
361.5,5.823e-123,2.288e-129,1.213e-12,1.601e-17,1.539e-06,2.33e-10,23.9,1.45e-05
362,2.691e-123,1.037e-129,9.276e-13,1.176e-17,1.255e-06,1.858e-10,21.21,1.177e-05
362.5,1.245e-123,4.707e-130,7.089e-13,8.634e-18,1.024e-06,1.48e-10,18.81,9.542e-06
363,5.767e-124,2.139e-130,5.416e-13,6.339e-18,8.341e-07,1.18e-10,16.67,7.735e-06
363.5,2.674e-124,9.731e-131,4.137e-13,4.654e-18,6.794e-07,9.394e-11,14.77,6.268e-06
364,1.241e-124,4.432e-131,3.159e-13,3.416e-18,5.532e-07,7.478e-11,13.07,5.076e-06
364.5,5.77e-125,2.021e-131,2.412e-13,2.507e-18,4.502e-07,5.952e-11,11.56,4.11e-06
365,2.684e-125,9.228e-132,1.841e-13,1.84e-18,3.662e-07,4.735e-11,10.22,3.326e-06
365.5,1.25e-125,4.218e-132,1.405e-13,1.35e-18,2.978e-07,3.765e-11,9.032,2.691e-06
366,5.83e-126,1.93e-132,1.071e-13,9.902e-19,2.421e-07,2.993e-11,7.974,2.176e-06
366.5,2.722e-126,8.842e-133,8.172e-14,7.263e-19,1.967e-07,2.379e-11,7.036,1.759e-06
367,1.272e-126,4.056e-133,6.232e-14,5.327e-19,1.598e-07,1.89e-11,6.204,1.421e-06
367.5,5.951e-127,1.862e-133,4.751e-14,3.907e-19,1.297e-07,1.501e-11,5.467,1.148e-06
368,2.787e-127,8.562e-134,3.621e-14,2.865e-19,1.053e-07,1.192e-11,4.815,9.268e-07
368.5,1.307e-127,3.941e-134,2.759e-14,2.1e-19,8.541e-08,9.457e-12,4.238,7.48e-07
369,6.135e-128,1.816e-134,2.102e-14,1.54e-19,6.926e-08,7.503e-12,3.728,6.035e-07
369.5,2.883e-128,8.378e-135,1.601e-14,1.129e-19,5.615e-08,5.952e-12,3.278,4.867e-07
370,1.356e-128,3.87e-135,1.22e-14,8.273e-20,4.551e-08,4.719e-12,2.88,3.924e-07
370.5,6.389e-129,1.789e-135,9.286e-15,6.063e-20,3.687e-08,3.741e-12,2.529,3.163e-07
371,3.012e-129,8.284e-136,7.07e-15,4.444e-20,2.985e-08,2.964e-12,2.219,2.548e-07
371.5,1.422e-129,3.84e-136,5.381e-15,3.256e-20,2.417e-08,2.348e-12,1.947,2.053e-07
372,6.719e-130,1.782e-136,4.095e-15,2.386e-20,1.956e-08,1.86e-12,1.706,1.653e-07
372.5,3.179e-130,8.277e-137,3.116e-15,1.748e-20,1.582e-08,1.473e-12,1.495,1.33e-07
373,1.505e-130,3.85e-137,2.37e-15,1.281e-20,1.28e-08,1.166e-12,1.309,1.07e-07
373.5,7.137e-131,1.792e-137,1.803e-15,9.383e-21,1.035e-08,9.225e-13,1.146,8.61e-08
374,3.388e-131,8.356e-138,1.371e-15,6.873e-21,8.362e-09,7.298e-13,1.002,6.923e-08
374.5,1.61e-131,3.9e-138,1.043e-15,5.035e-21,6.757e-09,5.772e-13,0.8762,5.566e-08
375,7.657e-132,1.822e-138,7.927e-16,3.688e-21,5.457e-09,4.564e-13,0.7656,4.473e-08
375.5,3.646e-132,8.524e-139,6.026e-16,2.701e-21,4.407e-09,3.608e-13,0.6687,3.594e-08
376,1.738e-132,3.992e-139,4.58e-16,1.978e-21,3.557e-09,2.851e-13,0.5837,2.886e-08
376.5,8.297e-133,1.871e-139,3.48e-16,1.449e-21,2.871e-09,2.253e-13,0.5092,2.318e-08
377,3.964e-133,8.785e-140,2.645e-16,1.061e-21,2.316e-09,1.78e-13,0.4441,1.86e-08
377.5,1.896e-133,4.128e-140,2.009e-16,7.769e-22,1.868e-09,1.406e-13,0.387,1.493e-08
378,9.079e-134,1.942e-140,1.526e-16,5.689e-22,1.506e-09,1.11e-13,0.3372,1.198e-08
378.5,4.352e-134,9.147e-141,1.159e-16,4.166e-22,1.214e-09,8.761e-14,0.2936,9.607e-09
379,2.088e-134,4.313e-141,8.804e-17,3.051e-22,9.784e-10,6.914e-14,0.2555,7.703e-09
379.5,1.003e-134,2.036e-141,6.686e-17,2.234e-22,7.882e-10,5.455e-14,0.2223,6.175e-09
380,4.825e-135,9.623e-142,5.076e-17,1.636e-22,6.349e-10,4.304e-14,0.1933,4.949e-09
380.5,2.323e-135,4.553e-142,3.854e-17,1.198e-22,5.112e-10,3.394e-14,0.168,3.965e-09
381,1.12e-135,2.157e-142,2.926e-17,8.769e-23,4.115e-10,2.677e-14,0.1459,3.176e-09
381.5,5.403e-136,1.023e-142,2.221e-17,6.421e-23,3.312e-10,2.11e-14,0.1267,2.544e-09
382,2.61e-136,4.856e-143,1.685e-17,4.701e-23,2.665e-10,1.663e-14,0.1099,2.037e-09
382.5,1.262e-136,2.308e-143,1.279e-17,3.442e-23,2.144e-10,1.311e-14,0.09538,1.63e-09
383,6.109e-137,1.098e-143,9.705e-18,2.52e-23,1.724e-10,1.033e-14,0.0827,1.305e-09
383.5,2.96e-137,5.232e-144,7.364e-18,1.845e-23,1.386e-10,8.136e-15,0.07168,1.044e-09
384,1.436e-137,2.495e-144,5.587e-18,1.351e-23,1.114e-10,6.409e-15,0.0621,8.35e-10
384.5,6.975e-138,1.191e-144,4.238e-18,9.893e-24,8.956e-11,5.047e-15,0.05378,6.678e-10
385,3.391e-138,5.694e-145,3.215e-18,7.244e-24,7.196e-11,3.974e-15,0.04656,5.34e-10
385.5,1.65e-138,2.725e-145,2.439e-18,5.304e-24,5.781e-11,3.128e-15,0.04028,4.269e-10
386,8.042e-139,1.305e-145,1.85e-18,3.884e-24,4.643e-11,2.462e-15,0.03484,3.412e-10
386.5,3.922e-139,6.26e-146,1.403e-18,2.844e-24,3.728e-11,1.938e-15,0.03012,2.726e-10
387,1.915e-139,3.006e-146,1.064e-18,2.083e-24,2.993e-11,1.525e-15,0.02603,2.178e-10
387.5,9.362e-140,1.445e-146,8.067e-19,1.525e-24,2.403e-11,1.199e-15,0.02249,1.74e-10
388,4.581e-140,6.952e-147,6.117e-19,1.117e-24,1.928e-11,9.435e-16,0.01942,1.389e-10
388.5,2.244e-140,3.349e-147,4.638e-19,8.18e-25,1.547e-11,7.42e-16,0.01676,1.109e-10
389,1.1e-140,1.615e-147,3.517e-19,5.991e-25,1.241e-11,5.835e-16,0.01447,8.856e-11
389.5,5.402e-141,7.799e-148,2.666e-19,4.388e-25,9.953e-12,4.588e-16,0.01248,7.068e-11
390,2.655e-141,3.77e-148,2.021e-19,3.214e-25,7.982e-12,3.607e-16,0.01076,5.641e-11
390.5,1.306e-141,1.824e-148,1.532e-19,2.354e-25,6.399e-12,2.835e-16,0.009273,4.501e-11
391,6.432e-142,8.837e-149,1.162e-19,1.724e-25,5.13e-12,2.228e-16,0.007989,3.591e-11
391.5,3.171e-142,4.286e-149,8.806e-20,1.263e-25,4.111e-12,1.751e-16,0.006881,2.864e-11
392,1.565e-142,2.081e-149,6.675e-20,9.255e-26,3.295e-12,1.376e-16,0.005924,2.284e-11
392.5,7.733e-143,1.011e-149,5.059e-20,6.78e-26,2.64e-12,1.081e-16,0.005099,1.821e-11
393,3.825e-143,4.921e-150,3.835e-20,4.968e-26,2.115e-12,8.491e-17,0.004387,1.452e-11
393.5,1.894e-143,2.397e-150,2.907e-20,3.64e-26,1.694e-12,6.669e-17,0.003773,1.157e-11
394,9.385e-144,1.169e-150,2.203e-20,2.667e-26,1.356e-12,5.238e-17,0.003244,9.224e-12
394.5,4.657e-144,5.707e-151,1.67e-20,1.955e-26,1.086e-12,4.113e-17,0.002788,7.35e-12
395,2.313e-144,2.789e-151,1.265e-20,1.433e-26,8.695e-13,3.23e-17,0.002395,5.857e-12
395.5,1.15e-144,1.365e-151,9.591e-21,1.05e-26,6.96e-13,2.536e-17,0.002057,4.666e-12
396,5.724e-145,6.684e-152,7.269e-21,7.696e-27,5.57e-13,1.991e-17,0.001766,3.716e-12
396.5,2.852e-145,3.277e-152,5.509e-21,5.641e-27,4.458e-13,1.563e-17,0.001516,2.96e-12
397,1.423e-145,1.609e-152,4.175e-21,4.136e-27,3.567e-13,1.227e-17,0.001301,2.357e-12
397.5,7.103e-146,7.905e-153,3.164e-21,3.032e-27,2.853e-13,9.626e-18,0.001116,1.877e-12
398,3.55e-146,3.889e-153,2.398e-21,2.223e-27,2.283e-13,7.554e-18,0.0009571,1.494e-12
398.5,1.776e-146,1.915e-153,1.817e-21,1.63e-27,1.826e-13,5.928e-18,0.0008205,1.19e-12
399,8.898e-147,9.442e-154,1.377e-21,1.196e-27,1.46e-13,4.651e-18,0.0007031,9.468e-13
399.5,4.461e-147,4.66e-154,1.044e-21,8.768e-28,1.167e-13,3.649e-18,0.0006024,7.535e-13
400,2.239e-147,2.303e-154,7.912e-22,6.431e-28,9.334e-14,2.863e-18,0.000516,5.996e-13
400.5,1.125e-147,1.139e-154,5.997e-22,4.718e-28,7.462e-14,2.246e-18,0.0004418,4.771e-13
401,5.659e-148,5.639e-155,4.545e-22,3.461e-28,5.965e-14,1.762e-18,0.0003782,3.796e-13
401.5,2.849e-148,2.795e-155,3.445e-22,2.539e-28,4.768e-14,1.382e-18,0.0003236,3.02e-13
402,1.436e-148,1.387e-155,2.611e-22,1.863e-28,3.81e-14,1.084e-18,0.0002769,2.402e-13
402.5,7.246e-149,6.891e-156,1.979e-22,1.367e-28,3.045e-14,8.498e-19,0.0002368,1.911e-13
403,3.66e-149,3.427e-156,1.5e-22,1.004e-28,2.433e-14,6.664e-19,0.0002025,1.519e-13
403.5,1.85e-149,1.706e-156,1.137e-22,7.366e-29,1.944e-14,5.226e-19,0.0001731,1.208e-13
404,9.365e-150,8.501e-157,8.62e-23,5.407e-29,1.553e-14,4.098e-19,0.0001479,9.608e-14
404.5,4.744e-150,4.241e-157,6.534e-23,3.97e-29,1.24e-14,3.213e-19,0.0001264,7.639e-14
405,2.406e-150,2.118e-157,4.953e-23,2.915e-29,9.907e-15,2.519e-19,0.0001079,6.073e-14
405.5,1.222e-150,1.059e-157,3.755e-23,2.14e-29,7.912e-15,1.975e-19,9.218e-05,4.828e-14
406,6.208e-151,5.3e-158,2.847e-23,1.572e-29,6.319e-15,1.548e-19,7.87e-05,3.838e-14
406.5,3.158e-151,2.655e-158,2.159e-23,1.155e-29,5.046e-15,1.214e-19,6.717e-05,3.05e-14
407,1.608e-151,1.332e-158,1.637e-23,8.482e-30,4.029e-15,9.514e-20,5.731e-05,2.424e-14
407.5,8.198e-152,6.687e-159,1.241e-23,6.232e-30,3.217e-15,7.458e-20,4.889e-05,1.927e-14
408,4.183e-152,3.361e-159,9.41e-24,4.579e-30,2.568e-15,5.846e-20,4.17e-05,1.531e-14
408.5,2.137e-152,1.691e-159,7.136e-24,3.365e-30,2.05e-15,4.582e-20,3.555e-05,1.217e-14
409,1.093e-152,8.518e-160,5.411e-24,2.473e-30,1.636e-15,3.592e-20,3.031e-05,9.666e-15
409.5,5.593e-153,4.295e-160,4.104e-24,1.818e-30,1.306e-15,2.815e-20,2.583e-05,7.68e-15
410,2.866e-153,2.168e-160,3.113e-24,1.336e-30,1.042e-15,2.206e-20,2.201e-05,6.102e-15
410.5,1.47e-153,1.095e-160,2.361e-24,9.827e-31,8.32e-16,1.729e-20,1.875e-05,4.847e-15
411,7.546e-154,5.54e-161,1.791e-24,7.226e-31,6.64e-16,1.355e-20,1.597e-05,3.851e-15
411.5,3.878e-154,2.805e-161,1.358e-24,5.315e-31,5.299e-16,1.062e-20,1.36e-05,3.059e-15
412,1.995e-154,1.422e-161,1.031e-24,3.909e-31,4.228e-16,8.324e-21,1.158e-05,2.43e-15
412.5,1.027e-154,7.214e-162,7.819e-25,2.876e-31,3.374e-16,6.523e-21,9.854e-06,1.93e-15
413,5.296e-155,3.664e-162,5.932e-25,2.116e-31,2.692e-16,5.112e-21,8.385e-06,1.533e-15
413.5,2.733e-155,1.863e-162,4.501e-25,1.557e-31,2.148e-16,4.007e-21,7.134e-06,1.217e-15
414,1.411e-155,9.483e-163,3.416e-25,1.146e-31,1.713e-16,3.14e-21,6.068e-06,9.668e-16
414.5,7.298e-156,4.832e-163,2.592e-25,8.436e-32,1.367e-16,2.461e-21,5.161e-06,7.678e-16
415,3.777e-156,2.464e-163,1.967e-25,6.211e-32,1.09e-16,1.928e-21,4.388e-06,6.097e-16
415.5,1.957e-156,1.258e-163,1.493e-25,4.573e-32,8.699e-17,1.511e-21,3.73e-06,4.842e-16
416,1.015e-156,6.43e-164,1.134e-25,3.368e-32,6.939e-17,1.184e-21,3.171e-06,3.845e-16
416.5,5.268e-157,3.29e-164,8.605e-26,2.481e-32,5.535e-17,9.281e-22,2.694e-06,3.053e-16
417,2.737e-157,1.685e-164,6.533e-26,1.827e-32,4.415e-17,7.273e-22,2.289e-06,2.424e-16
417.5,1.424e-157,8.638e-165,4.96e-26,1.346e-32,3.521e-17,5.7e-22,1.945e-06,1.925e-16
418,7.413e-158,4.433e-165,3.766e-26,9.921e-33,2.809e-17,4.467e-22,1.652e-06,1.528e-16
418.5,3.863e-158,2.277e-165,2.86e-26,7.312e-33,2.24e-17,3.501e-22,1.402e-06,1.213e-16
419,2.015e-158,1.171e-165,2.172e-26,5.39e-33,1.787e-17,2.744e-22,1.191e-06,9.635e-17
419.5,1.052e-158,6.029e-166,1.65e-26,3.974e-33,1.425e-17,2.15e-22,1.011e-06,7.65e-17
420,5.501e-159,3.107e-166,1.253e-26,2.93e-33,1.137e-17,1.685e-22,8.579e-07,6.073e-17
420.5,2.878e-159,1.603e-166,9.521e-27,2.161e-33,9.064e-18,1.321e-22,7.28e-07,4.822e-17
421,1.508e-159,8.275e-167,7.233e-27,1.594e-33,7.229e-18,1.035e-22,6.176e-07,3.828e-17
421.5,7.904e-160,4.277e-167,5.496e-27,1.176e-33,5.765e-18,8.116e-23,5.239e-07,3.04e-17
422,4.148e-160,2.213e-167,4.177e-27,8.677e-34,4.598e-18,6.361e-23,4.444e-07,2.413e-17
422.5,2.179e-160,1.146e-167,3.174e-27,6.404e-34,3.667e-18,4.986e-23,3.769e-07,1.916e-17
423,1.146e-160,5.942e-168,2.413e-27,4.727e-34,2.924e-18,3.909e-23,3.195e-07,1.521e-17
423.5,6.029e-161,3.084e-168,1.834e-27,3.489e-34,2.332e-18,3.064e-23,2.709e-07,1.208e-17
424,3.176e-161,1.602e-168,1.394e-27,2.577e-34,1.86e-18,2.402e-23,2.296e-07,9.588e-18
424.5,1.675e-161,8.331e-169,1.06e-27,1.903e-34,1.483e-18,1.883e-23,1.946e-07,7.613e-18
425,8.842e-162,4.336e-169,8.06e-28,1.406e-34,1.183e-18,1.476e-23,1.649e-07,6.044e-18
425.5,4.672e-162,2.26e-169,6.129e-28,1.038e-34,9.433e-19,1.157e-23,1.397e-07,4.799e-18
426,2.471e-162,1.179e-169,4.662e-28,7.673e-35,7.523e-19,9.075e-24,1.184e-07,3.81e-18
426.5,1.308e-162,6.153e-170,3.546e-28,5.67e-35,5.999e-19,7.115e-24,1.003e-07,3.025e-18
427,6.931e-163,3.216e-170,2.697e-28,4.192e-35,4.785e-19,5.579e-24,8.491e-08,2.402e-18
427.5,3.676e-163,1.682e-170,2.052e-28,3.099e-35,3.816e-19,4.375e-24,7.19e-08,1.907e-18
428,1.952e-163,8.81e-171,1.562e-28,2.291e-35,3.043e-19,3.431e-24,6.088e-08,1.514e-18
428.5,1.037e-163,4.618e-171,1.188e-28,1.695e-35,2.427e-19,2.691e-24,5.154e-08,1.202e-18
429,5.517e-164,2.423e-171,9.045e-29,1.254e-35,1.936e-19,2.11e-24,4.363e-08,9.548e-19
429.5,2.938e-164,1.273e-171,6.885e-29,9.276e-36,1.544e-19,1.655e-24,3.692e-08,7.581e-19
430,1.566e-164,6.691e-172,5.241e-29,6.864e-36,1.232e-19,1.298e-24,3.125e-08,6.02e-19
430.5,8.352e-165,3.521e-172,3.991e-29,5.08e-36,9.823e-20,1.018e-24,2.644e-08,4.781e-19
431,4.46e-165,1.855e-172,3.039e-29,3.761e-36,7.835e-20,7.988e-25,2.237e-08,3.797e-19
431.5,2.384e-165,9.78e-173,2.314e-29,2.785e-36,6.25e-20,6.266e-25,1.892e-08,3.015e-19
432,1.275e-165,5.162e-173,1.763e-29,2.062e-36,4.985e-20,4.916e-25,1.601e-08,2.395e-19
432.5,6.829e-166,2.727e-173,1.343e-29,1.528e-36,3.977e-20,3.857e-25,1.354e-08,1.902e-19
433,3.66e-166,1.442e-173,1.023e-29,1.132e-36,3.172e-20,3.026e-25,1.145e-08,1.511e-19
433.5,1.964e-166,7.635e-174,7.795e-30,8.387e-37,2.531e-20,2.375e-25,9.682e-09,1.2e-19
434,1.055e-166,4.046e-174,5.94e-30,6.216e-37,2.019e-20,1.864e-25,8.186e-09,9.53e-20
434.5,5.669e-167,2.146e-174,4.528e-30,4.608e-37,1.611e-20,1.463e-25,6.921e-09,7.57e-20
435,3.05e-167,1.139e-174,3.451e-30,3.417e-37,1.285e-20,1.148e-25,5.85e-09,6.013e-20
435.5,1.642e-167,6.054e-175,2.631e-30,2.534e-37,1.025e-20,9.01e-26,4.945e-09,4.777e-20
436,8.853e-168,3.22e-175,2.006e-30,1.88e-37,8.182e-21,7.072e-26,4.179e-09,3.795e-20
436.5,4.777e-168,1.715e-175,1.53e-30,1.394e-37,6.529e-21,5.552e-26,3.532e-09,3.015e-20
437,2.58e-168,9.139e-176,1.167e-30,1.035e-37,5.21e-21,4.359e-26,2.984e-09,2.395e-20
437.5,1.394e-168,4.875e-176,8.902e-31,7.68e-38,4.158e-21,3.422e-26,2.522e-09,1.903e-20
438,7.544e-169,2.603e-176,6.791e-31,5.702e-38,3.318e-21,2.687e-26,2.13e-09,1.512e-20
438.5,4.086e-169,1.391e-176,5.182e-31,4.234e-38,2.648e-21,2.11e-26,1.8e-09,1.202e-20
439,2.215e-169,7.444e-177,3.955e-31,3.144e-38,2.113e-21,1.657e-26,1.52e-09,9.55e-21
439.5,1.202e-169,3.987e-177,3.018e-31,2.336e-38,1.687e-21,1.301e-26,1.284e-09,7.59e-21
440,6.525e-170,2.137e-177,2.304e-31,1.735e-38,1.347e-21,1.022e-26,1.084e-09,6.032e-21
440.5,3.547e-170,1.147e-177,1.759e-31,1.29e-38,1.075e-21,8.03e-27,9.158e-10,4.794e-21
441,1.93e-170,6.158e-178,1.343e-31,9.586e-39,8.581e-22,6.308e-27,7.733e-10,3.811e-21
441.5,1.051e-170,3.31e-178,1.026e-31,7.127e-39,6.85e-22,4.956e-27,6.53e-10,3.029e-21
442,5.728e-171,1.781e-178,7.837e-32,5.3e-39,5.469e-22,3.894e-27,5.513e-10,2.408e-21
442.5,3.125e-171,9.593e-179,5.987e-32,3.942e-39,4.367e-22,3.06e-27,4.654e-10,1.914e-21
443,1.706e-171,5.171e-179,4.574e-32,2.933e-39,3.487e-22,2.405e-27,3.929e-10,1.522e-21
443.5,9.326e-172,2.791e-179,3.496e-32,2.182e-39,2.784e-22,1.89e-27,3.317e-10,1.21e-21
444,5.102e-172,1.507e-179,2.672e-32,1.624e-39,2.224e-22,1.486e-27,2.799e-10,9.623e-22
444.5,2.793e-172,8.148e-180,2.042e-32,1.209e-39,1.776e-22,1.168e-27,2.363e-10,7.653e-22
445,1.531e-172,4.409e-180,1.561e-32,9.002e-40,1.418e-22,9.181e-28,1.994e-10,6.086e-22
445.5,8.398e-173,2.388e-180,1.194e-32,6.704e-40,1.133e-22,7.218e-28,1.683e-10,4.84e-22
446,4.611e-173,1.295e-180,9.132e-33,4.994e-40,9.05e-23,5.676e-28,1.42e-10,3.85e-22
446.5,2.534e-173,7.025e-181,6.985e-33,3.721e-40,7.229e-23,4.463e-28,1.198e-10,3.062e-22
447,1.394e-173,3.816e-181,5.344e-33,2.773e-40,5.776e-23,3.51e-28,1.011e-10,2.436e-22
447.5,7.673e-174,2.074e-181,4.089e-33,2.067e-40,4.614e-23,2.761e-28,8.53e-11,1.938e-22
448,4.228e-174,1.129e-181,3.129e-33,1.541e-40,3.687e-23,2.172e-28,7.196e-11,1.542e-22
448.5,2.332e-174,6.148e-182,2.395e-33,1.149e-40,2.946e-23,1.709e-28,6.071e-11,1.227e-22
449,1.287e-174,3.352e-182,1.834e-33,8.573e-41,2.355e-23,1.344e-28,5.121e-11,9.764e-23
449.5,7.112e-175,1.829e-182,1.404e-33,6.396e-41,1.882e-23,1.058e-28,4.32e-11,7.77e-23
450,3.933e-175,9.989e-183,1.075e-33,4.773e-41,1.504e-23,8.325e-29,3.644e-11,6.184e-23
450.5,2.177e-175,5.46e-183,8.235e-34,3.562e-41,1.202e-23,6.552e-29,3.073e-11,4.922e-23
451,1.206e-175,2.988e-183,6.309e-34,2.66e-41,9.611e-24,5.158e-29,2.592e-11,3.918e-23
451.5,6.687e-176,1.636e-183,4.834e-34,1.986e-41,7.683e-24,4.06e-29,2.186e-11,3.119e-23
452,3.711e-176,8.97e-184,3.704e-34,1.483e-41,6.143e-24,3.197e-29,1.844e-11,2.483e-23
452.5,2.061e-176,4.921e-184,2.839e-34,1.108e-41,4.912e-24,2.517e-29,1.555e-11,1.977e-23
453,1.146e-176,2.703e-184,2.176e-34,8.282e-42,3.928e-24,1.982e-29,1.311e-11,1.574e-23
453.5,6.377e-177,1.486e-184,1.669e-34,6.19e-42,3.141e-24,1.561e-29,1.106e-11,1.254e-23
454,3.552e-177,8.173e-185,1.28e-34,4.628e-42,2.512e-24,1.23e-29,9.323e-12,9.986e-24
454.5,1.98e-177,4.501e-185,9.815e-35,3.461e-42,2.01e-24,9.687e-30,7.861e-12,7.954e-24
455,1.105e-177,2.481e-185,7.529e-35,2.588e-42,1.608e-24,7.632e-30,6.628e-12,6.336e-24
455.5,6.168e-178,1.369e-185,5.777e-35,1.936e-42,1.286e-24,6.013e-30,5.588e-12,5.048e-24
456,3.447e-178,7.556e-186,4.433e-35,1.449e-42,1.029e-24,4.739e-30,4.712e-12,4.022e-24
456.5,1.928e-178,4.176e-186,3.402e-35,1.085e-42,8.234e-25,3.735e-30,3.972e-12,3.205e-24
457,1.08e-178,2.31e-186,2.612e-35,8.119e-43,6.589e-25,2.944e-30,3.349e-12,2.554e-24
457.5,6.049e-179,1.279e-186,2.005e-35,6.08e-43,5.273e-25,2.321e-30,2.823e-12,2.035e-24
458,3.393e-179,7.087e-187,1.54e-35,4.554e-43,4.221e-25,1.83e-30,2.38e-12,1.622e-24
458.5,1.904e-179,3.931e-187,1.183e-35,3.412e-43,3.379e-25,1.443e-30,2.006e-12,1.293e-24
459,1.07e-179,2.182e-187,9.088e-36,2.557e-43,2.705e-25,1.138e-30,1.691e-12,1.031e-24
459.5,6.016e-180,1.212e-187,6.983e-36,1.916e-43,2.165e-25,8.974e-31,1.426e-12,8.218e-25
460,3.386e-180,6.743e-188,5.366e-36,1.437e-43,1.734e-25,7.079e-31,1.202e-12,6.553e-25
460.5,1.907e-180,3.753e-188,4.125e-36,1.077e-43,1.388e-25,5.585e-31,1.013e-12,5.226e-25
461,1.075e-180,2.091e-188,3.171e-36,8.081e-44,1.112e-25,4.406e-31,8.54e-13,4.168e-25
461.5,6.066e-181,1.166e-188,2.438e-36,6.062e-44,8.906e-26,3.477e-31,7.198e-13,3.324e-25
462,3.426e-181,6.507e-189,1.875e-36,4.549e-44,7.134e-26,2.744e-31,6.067e-13,2.652e-25
462.5,1.936e-181,3.634e-189,1.442e-36,3.415e-44,5.715e-26,2.166e-31,5.114e-13,2.116e-25
463,1.095e-181,2.032e-189,1.11e-36,2.564e-44,4.579e-26,1.71e-31,4.311e-13,1.688e-25
463.5,6.201e-182,1.137e-189,8.54e-37,1.925e-44,3.669e-26,1.35e-31,3.633e-13,1.347e-25
464,3.514e-182,6.368e-190,6.572e-37,1.446e-44,2.94e-26,1.066e-31,3.063e-13,1.075e-25
464.5,1.993e-182,3.569e-190,5.059e-37,1.087e-44,2.357e-26,8.419e-32,2.581e-13,8.579e-26
465,1.131e-182,2.003e-190,3.895e-37,8.166e-45,1.889e-26,6.65e-32,2.176e-13,6.848e-26
465.5,6.426e-183,1.124e-190,3e-37,6.138e-45,1.514e-26,5.253e-32,1.834e-13,5.467e-26
466,3.653e-183,6.319e-191,2.311e-37,4.615e-45,1.214e-26,4.15e-32,1.546e-13,4.365e-26
466.5,2.079e-183,3.555e-191,1.78e-37,3.471e-45,9.733e-27,3.279e-32,1.303e-13,3.485e-26
467,1.184e-183,2.001e-191,1.372e-37,2.611e-45,7.805e-27,2.592e-32,1.098e-13,2.783e-26
467.5,6.749e-184,1.128e-191,1.057e-37,1.964e-45,6.259e-27,2.048e-32,9.254e-14,2.223e-26
468,3.85e-184,6.359e-192,8.148e-38,1.478e-45,5.021e-27,1.619e-32,7.8e-14,1.776e-26
468.5,2.198e-184,3.589e-192,6.282e-38,1.113e-45,4.027e-27,1.28e-32,6.574e-14,1.418e-26
469,1.256e-184,2.028e-192,4.844e-38,8.38e-46,3.231e-27,1.012e-32,5.541e-14,1.133e-26
469.5,7.184e-185,1.146e-192,3.736e-38,6.312e-46,2.592e-27,8.005e-33,4.671e-14,9.056e-27
470,4.112e-185,6.488e-193,2.882e-38,4.755e-46,2.08e-27,6.332e-33,3.937e-14,7.237e-27
470.5,2.356e-185,3.675e-193,2.224e-38,3.583e-46,1.669e-27,5.009e-33,3.318e-14,5.784e-27
471,1.351e-185,2.083e-193,1.716e-38,2.7e-46,1.34e-27,3.963e-33,2.797e-14,4.624e-27
471.5,7.75e-186,1.182e-193,1.325e-38,2.036e-46,1.076e-27,3.136e-33,2.357e-14,3.696e-27
472,4.45e-186,6.71e-194,1.023e-38,1.535e-46,8.635e-28,2.482e-33,1.987e-14,2.955e-27
472.5,2.558e-186,3.813e-194,7.897e-39,1.158e-46,6.933e-28,1.964e-33,1.675e-14,2.363e-27
473,1.471e-186,2.169e-194,6.099e-39,8.736e-47,5.568e-28,1.555e-33,1.412e-14,1.89e-27
473.5,8.471e-187,1.235e-194,4.711e-39,6.593e-47,4.471e-28,1.231e-33,1.19e-14,1.512e-27
474,4.881e-187,7.035e-195,3.64e-39,4.976e-47,3.592e-28,9.749e-34,1.003e-14,1.209e-27
474.5,2.814e-187,4.011e-195,2.813e-39,3.757e-47,2.885e-28,7.721e-34,8.456e-15,9.674e-28
475,1.624e-187,2.289e-195,2.174e-39,2.838e-47,2.318e-28,6.115e-34,7.128e-15,7.741e-28
475.5,9.381e-188,1.308e-195,1.681e-39,2.144e-47,1.862e-28,4.845e-34,6.009e-15,6.194e-28
476,5.423e-188,7.475e-196,1.3e-39,1.62e-47,1.497e-28,3.839e-34,5.065e-15,4.958e-28
476.5,3.137e-188,4.277e-196,1.005e-39,1.224e-47,1.203e-28,3.042e-34,4.27e-15,3.968e-28
477,1.816e-188,2.449e-196,7.777e-40,9.253e-48,9.669e-29,2.411e-34,3.6e-15,3.177e-28
477.5,1.053e-188,1.403e-196,6.017e-40,6.997e-48,7.773e-29,1.911e-34,3.035e-15,2.544e-28
478,6.104e-189,8.05e-197,4.657e-40,5.292e-48,6.25e-29,1.515e-34,2.559e-15,2.037e-28
478.5,3.543e-189,4.621e-197,3.604e-40,4.004e-48,5.026e-29,1.201e-34,2.157e-15,1.631e-28
479,2.058e-189,2.655e-197,2.791e-40,3.03e-48,4.042e-29,9.528e-35,1.819e-15,1.307e-28
479.5,1.196e-189,1.527e-197,2.161e-40,2.293e-48,3.251e-29,7.557e-35,1.533e-15,1.047e-28
480,6.96e-190,8.785e-198,1.674e-40,1.736e-48,2.615e-29,5.995e-35,1.293e-15,8.386e-29
480.5,4.052e-190,5.059e-198,1.296e-40,1.315e-48,2.104e-29,4.756e-35,1.09e-15,6.719e-29
481,2.361e-190,2.916e-198,1.005e-40,9.959e-49,1.693e-29,3.774e-35,9.193e-16,5.385e-29
481.5,1.377e-190,1.682e-198,7.785e-41,7.546e-49,1.362e-29,2.996e-35,7.752e-16,4.316e-29
482,8.038e-191,9.713e-199,6.035e-41,5.719e-49,1.097e-29,2.378e-35,6.537e-16,3.46e-29
482.5,4.695e-191,5.613e-199,4.679e-41,4.335e-49,8.827e-30,1.888e-35,5.512e-16,2.774e-29
483,2.745e-191,3.246e-199,3.628e-41,3.287e-49,7.106e-30,1.499e-35,4.648e-16,2.224e-29
483.5,1.606e-191,1.879e-199,2.814e-41,2.493e-49,5.722e-30,1.19e-35,3.92e-16,1.784e-29
484,9.402e-192,1.088e-199,2.183e-41,1.891e-49,4.608e-30,9.456e-36,3.306e-16,1.431e-29
484.5,5.509e-192,6.308e-200,1.694e-41,1.435e-49,3.711e-30,7.512e-36,2.788e-16,1.148e-29
485,3.231e-192,3.66e-200,1.315e-41,1.089e-49,2.989e-30,5.968e-36,2.352e-16,9.207e-30
485.5,1.896e-192,2.125e-200,1.021e-41,8.27e-50,2.408e-30,4.743e-36,1.984e-16,7.388e-30
486,1.114e-192,1.235e-200,7.924e-42,6.28e-50,1.94e-30,3.77e-36,1.673e-16,5.929e-30
486.5,6.546e-193,7.182e-201,6.154e-42,4.771e-50,1.564e-30,2.997e-36,1.411e-16,4.758e-30
487,3.851e-193,4.18e-201,4.78e-42,3.625e-50,1.26e-30,2.382e-36,1.191e-16,3.82e-30
487.5,2.267e-193,2.435e-201,3.714e-42,2.755e-50,1.016e-30,1.894e-36,1.004e-16,3.067e-30
488,1.336e-193,1.42e-201,2.886e-42,2.094e-50,8.189e-31,1.507e-36,8.473e-17,2.462e-30
488.5,7.876e-194,8.283e-202,2.243e-42,1.592e-50,6.602e-31,1.198e-36,7.148e-17,1.977e-30
489,4.648e-194,4.837e-202,1.744e-42,1.211e-50,5.324e-31,9.534e-37,6.031e-17,1.588e-30
489.5,2.745e-194,2.826e-202,1.356e-42,9.213e-51,4.294e-31,7.586e-37,5.088e-17,1.276e-30
490,1.622e-194,1.653e-202,1.055e-42,7.01e-51,3.464e-31,6.037e-37,4.294e-17,1.025e-30
490.5,9.595e-195,9.675e-203,8.204e-43,5.336e-51,2.794e-31,4.806e-37,3.623e-17,8.237e-31
491,5.679e-195,5.667e-203,6.383e-43,4.062e-51,2.255e-31,3.826e-37,3.057e-17,6.62e-31
491.5,3.364e-195,3.322e-203,4.967e-43,3.094e-51,1.819e-31,3.046e-37,2.58e-17,5.321e-31
492,1.994e-195,1.949e-203,3.867e-43,2.357e-51,1.468e-31,2.426e-37,2.177e-17,4.277e-31
492.5,1.183e-195,1.144e-203,3.01e-43,1.796e-51,1.185e-31,1.932e-37,1.837e-17,3.439e-31
493,7.026e-196,6.725e-204,2.344e-43,1.368e-51,9.569e-32,1.539e-37,1.551e-17,2.765e-31
493.5,4.175e-196,3.955e-204,1.826e-43,1.043e-51,7.726e-32,1.226e-37,1.309e-17,2.224e-31
494,2.482e-196,2.328e-204,1.423e-43,7.954e-52,6.239e-32,9.772e-38,1.105e-17,1.789e-31
494.5,1.477e-196,1.371e-204,1.108e-43,6.067e-52,5.039e-32,7.788e-38,9.327e-18,1.439e-31
495,8.798e-197,8.081e-205,8.639e-44,4.628e-52,4.071e-32,6.208e-38,7.873e-18,1.158e-31
495.5,5.244e-197,4.767e-205,6.735e-44,3.532e-52,3.289e-32,4.95e-38,6.647e-18,9.318e-32
496,3.127e-197,2.814e-205,5.251e-44,2.696e-52,2.657e-32,3.947e-38,5.612e-18,7.5e-32
496.5,1.867e-197,1.663e-205,4.095e-44,2.058e-52,2.148e-32,3.148e-38,4.738e-18,6.037e-32
497,1.115e-197,9.832e-206,3.195e-44,1.572e-52,1.736e-32,2.511e-38,4.001e-18,4.86e-32
497.5,6.666e-198,5.818e-206,2.493e-44,1.201e-52,1.403e-32,2.003e-38,3.378e-18,3.913e-32
498,3.988e-198,3.445e-206,1.945e-44,9.175e-53,1.134e-32,1.599e-38,2.853e-18,3.152e-32
498.5,2.388e-198,2.042e-206,1.518e-44,7.012e-53,9.174e-33,1.276e-38,2.409e-18,2.538e-32
499,1.43e-198,1.211e-206,1.185e-44,5.36e-53,7.419e-33,1.018e-38,2.035e-18,2.045e-32
499.5,8.577e-199,7.189e-207,9.257e-45,4.099e-53,6.001e-33,8.131e-39,1.718e-18,1.648e-32
500,5.146e-199,4.27e-207,7.23e-45,3.135e-53,4.855e-33,6.492e-39,1.451e-18,1.328e-32
